bulk_id,bulk_symbols,y_relaxed,MagpieData mean AtomicWeight,MagpieData mean MeltingT,MagpieData mean CovalentRadius,MagpieData mean Electronegativity,MagpieData mean NsValence,MagpieData mean NpValence,MagpieData mean NdValence,MagpieData mean NfValence,MagpieData mean NValence,MagpieData mean NsUnfilled,MagpieData mean NpUnfilled,MagpieData mean NdUnfilled,MagpieData mean NfUnfilled,MagpieData mean NUnfilled,MagpieData mean GSvolume_pa,MagpieData mean GSbandgap,MagpieData mean GSmagmom,ElementProperty Exceptions,Weight Fraction,Atomic Fraction,Yang delta,Yang omega,APE mean,Radii local mismatch,Radii gamma,Configuration entropy,Atomic weight mean,Total weight,Lambda entropy,Electronegativity delta,Electronegativity local mismatch,VEC mean,Mixing enthalpy,Mean cohesive energy,Interant electrons,Interant s electrons,Interant p electrons,Interant d electrons,Interant f electrons,Shear modulus mean,Shear modulus delta,Shear modulus local mismatch,Shear modulus strength model,H,He,Li,Be,B,C,N,O,F,Ne,Na,Mg,Al,Si,P,S,Cl,Ar,K,Ca,Sc,Ti,V,Cr,Mn,Fe,Co,Ni,Cu,Zn,Ga,Ge,As,Se,Br,Kr,Rb,Sr,Y,Zr,Nb,Mo,Tc,Ru,Rh,Pd,Ag,Cd,In,Sn,Sb,Te,I,Xe,Cs,Ba,La,Ce,Pr,Nd,Pm,Sm,Eu,Gd,Tb,Dy,Ho,Er,Tm,Yb,Lu,Hf,Ta,W,Re,Os,Ir,Pt,Au,Hg,Tl,Pb,Bi,Po,At,Rn,Fr,Ra,Ac,Th,Pa,U,Np,Pu,Am,Cm,Bk,Cf,Es,Fm,Md,No,Lr,Rf,Db,Sg,Bh,Hs,Mt,Ds,Rg,Cn,Nh,Fl,Mc,Lv,Ts,Og,transition metal fraction,0-norm,2-norm,3-norm,5-norm,7-norm,10-norm,band center,density,vpa,packing_fraction,spacegroup_num,crystal_system,crystal_system_int,is_centrosymmetric,n_symmetry_ops
mp-1227338,Be6 Zn2 O8,-538.71897935,19.55176825,698.985,84.25,2.5149999999999997,2.0,2.0,1.25,0.0,5.25,0.0,1.0,0.0,0.0,1.0,9.25625,0.0,0.0,,,,,,,,,,,,,,,,,,,,,,,,,,,0,0,0.0,0.375,0,0,0,0.5,0,0,0.0,0.0,0.0,0.0,0,0,0,0,0.0,0.0,0.0,0.0,0.0,0.0,0.0,0.0,0.0,0.0,0.0,0.125,0.0,0,0.0,0.0,0,0,0.0,0.0,0.0,0.0,0.0,0.0,0,0,0.0,0.0,0.0,0.0,0.0,0.0,0.0,0,0,0,0.0,0.0,0,0.0,0,0,0,0,0,0,0,0,0,0,0,0,0.0,0,0.0,0.0,0.0,0,0.0,0.0,0.0,0.0,0.0,0.0,0.0,0,0,0,0,0,0,0,0,0,0,0,0,0,0,0,0,0,0,0,0,0,0,0,0,0,0,0,0,0,0,0,0,0,0,0,0.0,3,0.6373774391990981,0.5642946794342502,0.5218357923239265,0.5090342055422441,0.5027468141173921,5.934234532270668,3.9705787826517676,8.17827734374598,0.4351811057321465,121.0,tetragonal,4.0,False,16.0
mp-10418,Rb4 Sb4 O8,-301.34512237,59.80665,331.46,122.75,2.4375,1.75,2.75,2.5,0.0,7.0,0.25,1.75,0.0,0.0,2.0,35.123125,0.0,0.0,,,,,,,,,,,,,,,,,,,,,,,,,,,0,0,0.0,0.0,0,0,0,0.5,0,0,0.0,0.0,0.0,0.0,0,0,0,0,0.0,0.0,0.0,0.0,0.0,0.0,0.0,0.0,0.0,0.0,0.0,0.0,0.0,0,0.0,0.0,0,0,0.25,0.0,0.0,0.0,0.0,0.0,0,0,0.0,0.0,0.0,0.0,0.0,0.0,0.25,0,0,0,0.0,0.0,0,0.0,0,0,0,0,0,0,0,0,0,0,0,0,0.0,0,0.0,0.0,0.0,0,0.0,0.0,0.0,0.0,0.0,0.0,0.0,0,0,0,0,0,0,0,0,0,0,0,0,0,0,0,0,0,0,0,0,0,0,0,0,0,0,0,0,0,0,0,0,0,0,0,0.0,3,0.6123724356957945,0.538608672507971,0.5060993646249713,0.5011086692289443,0.5000975705253322,5.0371670028842,4.731690104028815,20.988542512888856,0.8211766436752423,15.0,monoclinic,6.0,True,8.0
mp-759541,Ba4 Pd8 O16,-498.81326335,59.16637142857143,696.4714285714286,108.14285714285714,2.7214285714285715,1.4285714285714286,2.2857142857142856,2.857142857142857,0.0,6.571428571428571,0.0,1.1428571428571428,0.0,0.0,1.1428571428571428,18.404285714285713,0.0,0.0,,,,,,,,,,,,,,,,,,,,,,,,,,,0,0,0.0,0.0,0,0,0,0.5714285714285714,0,0,0.0,0.0,0.0,0.0,0,0,0,0,0.0,0.0,0.0,0.0,0.0,0.0,0.0,0.0,0.0,0.0,0.0,0.0,0.0,0,0.0,0.0,0,0,0.0,0.0,0.0,0.0,0.0,0.0,0,0,0.0,0.2857142857142857,0.0,0.0,0.0,0.0,0.0,0,0,0,0.0,0.14285714285714285,0,0.0,0,0,0,0,0,0,0,0,0,0,0,0,0.0,0,0.0,0.0,0.0,0,0.0,0.0,0.0,0.0,0.0,0.0,0.0,0,0,0,0,0,0,0,0,0,0,0,0,0,0,0,0,0,0,0,0,0,0,0,0,0,0,0,0,0,0,0,0,0,0,0,0.2857142857142857,3,0.6546536707079771,0.5970484566258902,0.5750650283013602,0.5720691506685885,0.5714844049399023,5.592978164873236,6.660145073038459,14.751641330021751,0.6608171515650251,88.0,tetragonal,4.0,True,8.0
mp-5478,Tl8 Pd24 O32,-328.30625687,73.4551125,785.0437499999999,103.25,2.7475,1.25,2.125,5.0,1.75,10.125,0.0,1.625,0.0,0.0,1.625,13.32,0.0,0.0,,,,,,,,,,,,,,,,,,,,,,,,,,,0,0,0.0,0.0,0,0,0,0.5,0,0,0.0,0.0,0.0,0.0,0,0,0,0,0.0,0.0,0.0,0.0,0.0,0.0,0.0,0.0,0.0,0.0,0.0,0.0,0.0,0,0.0,0.0,0,0,0.0,0.0,0.0,0.0,0.0,0.0,0,0,0.0,0.375,0.0,0.0,0.0,0.0,0.0,0,0,0,0.0,0.0,0,0.0,0,0,0,0,0,0,0,0,0,0,0,0,0.0,0,0.0,0.0,0.0,0,0.0,0.0,0.0,0.0,0.125,0.0,0.0,0,0,0,0,0,0,0,0,0,0,0,0,0,0,0,0,0,0,0,0,0,0,0,0,0,0,0,0,0,0,0,0,0,0,0,0.375,3,0.6373774391990981,0.5642946794342502,0.5218357923239265,0.5090342055422441,0.5027468141173921,5.5471190703316475,8.749107409264298,13.941431784116201,0.5992224180438044,225.0,cubic,1.0,True,96.0
mp-761148,Ti18 Sn2 O40,-1024.34227609,28.983366666666665,635.6693333333334,96.63333333333334,2.820666666666667,2.0,2.7333333333333334,0.9333333333333333,0.0,5.666666666666667,0.0,1.4666666666666666,2.4,0.0,3.8666666666666667,12.1865,0.0,6.75999999999e-06,,,,,,,,,,,,,,,,,,,,,,,,,,,0,0,0.0,0.0,0,0,0,0.6666666666666666,0,0,0.0,0.0,0.0,0.0,0,0,0,0,0.0,0.0,0.0,0.3,0.0,0.0,0.0,0.0,0.0,0.0,0.0,0.0,0.0,0,0.0,0.0,0,0,0.0,0.0,0.0,0.0,0.0,0.0,0,0,0.0,0.0,0.0,0.0,0.0,0.03333333333333333,0.0,0,0,0,0.0,0.0,0,0.0,0,0,0,0,0,0,0,0,0,0,0,0,0.0,0,0.0,0.0,0.0,0,0.0,0.0,0.0,0.0,0.0,0.0,0.0,0,0,0,0,0,0,0,0,0,0,0,0,0,0,0,0,0,0,0,0,0,0,0,0,0,0,0,0,0,0,0,0,0,0,0,0.3,3,0.7318166133366716,0.6863571462449022,0.6691091208971494,0.6670219738115729,0.6666893636083644,5.851445976351741,4.411456896883071,10.909777387338549,0.41037191487831826,12.0,monoclinic,6.0,True,8.0
mp-1252778,Al20 Co12 O48,-1091.1743545,25.185003899999998,531.4475,88.75,2.7485,2.0,2.65,1.05,0.0,5.7,0.0,2.45,0.45,0.0,2.9,11.11975,0.0,0.23227068,,,,,,,,,,,,,,,,,,,,,,,,,,,0,0,0.0,0.0,0,0,0,0.6,0,0,0.0,0.0,0.25,0.0,0,0,0,0,0.0,0.0,0.0,0.0,0.0,0.0,0.0,0.0,0.15,0.0,0.0,0.0,0.0,0,0.0,0.0,0,0,0.0,0.0,0.0,0.0,0.0,0.0,0,0,0.0,0.0,0.0,0.0,0.0,0.0,0.0,0,0,0,0.0,0.0,0,0.0,0,0,0,0,0,0,0,0,0,0,0,0,0.0,0,0.0,0.0,0.0,0,0.0,0.0,0.0,0.0,0.0,0.0,0.0,0,0,0,0,0,0,0,0,0,0,0,0,0,0,0,0,0,0,0,0,0,0,0,0,0,0,0,0,0,0,0,0,0,0,0,0.15,3,0.6670832032063166,0.6171005792776718,0.6016155054141484,0.6001919323281267,0.6000095197584842,5.594064961761705,4.1757979104097185,10.015016009898144,0.4127875710483678,12.0,monoclinic,6.0,True,4.0
mp-971700,Zn1 Au1 O3,-255.12061442,62.068953799999996,438.88199999999995,91.2,2.902,1.8,2.4,4.0,2.8,11.0,0.2,1.2,0.0,0.0,1.4,11.595,0.0,0.0,,,,,,,,,,,,,,,,,,,,,,,,,,,0,0,0.0,0.0,0,0,0,0.6,0,0,0.0,0.0,0.0,0.0,0,0,0,0,0.0,0.0,0.0,0.0,0.0,0.0,0.0,0.0,0.0,0.0,0.0,0.2,0.0,0,0.0,0.0,0,0,0.0,0.0,0.0,0.0,0.0,0.0,0,0,0.0,0.0,0.0,0.0,0.0,0.0,0.0,0,0,0,0.0,0.0,0,0.0,0,0,0,0,0,0,0,0,0,0,0,0,0.0,0,0.0,0.0,0.0,0,0.0,0.0,0.2,0.0,0.0,0.0,0.0,0,0,0,0,0,0,0,0,0,0,0,0,0,0,0,0,0,0,0,0,0,0,0,0,0,0,0,0,0,0,0,0,0,0,0,0.0,3,0.6633249580710799,0.6144633651371695,0.6009844187491661,0.6000783545597032,0.6000020321795635,6.501114330258613,8.463478786608,12.179099927749885,0.3830549973525639,221.0,cubic,1.0,True,8.0
mp-755225,Li24 Zr3 O18,-986.02977405,16.18322666666667,405.75466666666665,106.33333333333333,1.9873333333333334,1.4666666666666666,1.6,0.13333333333333333,0.0,3.2,0.5333333333333333,0.8,0.5333333333333333,0.0,1.8666666666666667,14.038111111093334,0.0,0.0,,,,,,,,,,,,,,,,,,,,,,,,,,,0,0,0.5333333333333333,0.0,0,0,0,0.4,0,0,0.0,0.0,0.0,0.0,0,0,0,0,0.0,0.0,0.0,0.0,0.0,0.0,0.0,0.0,0.0,0.0,0.0,0.0,0.0,0,0.0,0.0,0,0,0.0,0.0,0.0,0.06666666666666667,0.0,0.0,0,0,0.0,0.0,0.0,0.0,0.0,0.0,0.0,0,0,0,0.0,0.0,0,0.0,0,0,0,0,0,0,0,0,0,0,0,0,0.0,0,0.0,0.0,0.0,0,0.0,0.0,0.0,0.0,0.0,0.0,0.0,0,0,0,0,0,0,0,0,0,0,0,0,0,0,0,0,0,0,0,0,0,0,0,0,0,0,0,0,0,0,0,0,0,0,0,0.0,3,0.669991708074726,0.6000000000000001,0.5565397670409854,0.5429656752171642,0.5362632200235917,4.388330438711298,3.051995083634,8.805020783057923,0.9327073008982737,148.0,trigonal,3.0,True,12.0
mp-1187182,Sr1 Mg1 O3,-509.73440181,31.984640000000002,427.48,106.8,2.516,2.0,2.4,0.0,0.0,4.4,0.0,1.2,0.0,0.0,1.2,20.887,0.0,0.0,,,,,,,,,,,,,,,,,,,,,,,,,,,0,0,0.0,0.0,0,0,0,0.6,0,0,0.0,0.2,0.0,0.0,0,0,0,0,0.0,0.0,0.0,0.0,0.0,0.0,0.0,0.0,0.0,0.0,0.0,0.0,0.0,0,0.0,0.0,0,0,0.0,0.2,0.0,0.0,0.0,0.0,0,0,0.0,0.0,0.0,0.0,0.0,0.0,0.0,0,0,0,0.0,0.0,0,0.0,0,0,0,0,0,0,0,0,0,0,0,0,0.0,0,0.0,0.0,0.0,0,0.0,0.0,0.0,0.0,0.0,0.0,0.0,0,0,0,0,0,0,0,0,0,0,0,0,0,0,0,0,0,0,0,0,0,0,0,0,0,0,0,0,0,0,0,0,0,0,0,0.0,3,0.6633249580710799,0.6144633651371695,0.6009844187491661,0.6000783545597032,0.6000020321795635,5.427421639005485,4.070787390201769,13.047044523420539,0.772003568191142,221.0,cubic,1.0,True,48.0
mp-975384,Rb1 Bi1 O3,-292.58157104,68.48928,204.25199999999998,113.2,2.632,1.8,3.0,2.0,2.8,9.6,0.2,1.8,0.0,0.0,2.0,30.1975,0.0,0.0,,,,,,,,,,,,,,,,,,,,,,,,,,,0,0,0.0,0.0,0,0,0,0.6,0,0,0.0,0.0,0.0,0.0,0,0,0,0,0.0,0.0,0.0,0.0,0.0,0.0,0.0,0.0,0.0,0.0,0.0,0.0,0.0,0,0.0,0.0,0,0,0.2,0.0,0.0,0.0,0.0,0.0,0,0,0.0,0.0,0.0,0.0,0.0,0.0,0.0,0,0,0,0.0,0.0,0,0.0,0,0,0,0,0,0,0,0,0,0,0,0,0.0,0,0.0,0.0,0.0,0,0.0,0.0,0.0,0.0,0.0,0.0,0.2,0,0,0,0,0,0,0,0,0,0,0,0,0,0,0,0,0,0,0,0,0,0,0,0,0,0,0,0,0,0,0,0,0,0,0,0.0,3,0.6633249580710799,0.6144633651371695,0.6009844187491661,0.6000783545597032,0.6000020321795635,5.282527554092464,7.356434062529205,15.459817117303174,0.9603375751109552,221.0,cubic,1.0,True,96.0
mp-18943,Ba4 Ni4 O8,-486.93456798,57.004799999999996,709.4,117.75,2.42,2.0,2.0,2.0,0.0,6.0,0.0,1.0,0.5,0.0,1.5,23.03,0.0,0.148848675,,,,,,,,,,,,,,,,,,,,,,,,,,,0,0,0.0,0.0,0,0,0,0.5,0,0,0.0,0.0,0.0,0.0,0,0,0,0,0.0,0.0,0.0,0.0,0.0,0.0,0.0,0.0,0.0,0.25,0.0,0.0,0.0,0,0.0,0.0,0,0,0.0,0.0,0.0,0.0,0.0,0.0,0,0,0.0,0.0,0.0,0.0,0.0,0.0,0.0,0,0,0,0.0,0.25,0,0.0,0,0,0,0,0,0,0,0,0,0,0,0,0.0,0,0.0,0.0,0.0,0,0.0,0.0,0.0,0.0,0.0,0.0,0.0,0,0,0,0,0,0,0,0,0,0,0,0,0,0,0,0,0,0,0,0,0,0,0,0,0,0,0,0,0,0,0,0,0,0,0,0.25,3,0.6123724356957945,0.538608672507971,0.5060993646249713,0.5011086692289443,0.5000975705253322,5.087801064559528,5.835413928076611,16.221419539842458,0.8283079015997289,63.0,orthorhombic,5.0,True,16.0
mp-1280914,Mn2 Sb2 O8,-629.90925575,40.11594083333333,440.3299999999999,90.33333333333333,2.893333333333333,2.0,3.1666666666666665,2.5,0.0,7.666666666666667,0.0,1.8333333333333333,0.8333333333333334,0.0,2.6666666666666665,13.077931034483333,0.0,5.1686781609166664e-05,,,,,,,,,,,,,,,,,,,,,,,,,,,0,0,0.0,0.0,0,0,0,0.6666666666666666,0,0,0.0,0.0,0.0,0.0,0,0,0,0,0.0,0.0,0.0,0.0,0.0,0.0,0.16666666666666666,0.0,0.0,0.0,0.0,0.0,0.0,0,0.0,0.0,0,0,0.0,0.0,0.0,0.0,0.0,0.0,0,0,0.0,0.0,0.0,0.0,0.0,0.0,0.16666666666666666,0,0,0,0.0,0.0,0,0.0,0,0,0,0,0,0,0,0,0,0,0,0,0.0,0,0.0,0.0,0.0,0,0.0,0.0,0.0,0.0,0.0,0.0,0.0,0,0,0,0,0,0,0,0,0,0,0,0,0,0,0,0,0,0,0,0,0,0,0,0,0,0,0,0,0,0,0,0,0,0,0,0.16666666666666666,3,0.7071067811865476,0.6735400034370317,0.6669268801209055,0.6666782918025496,0.666666793823133,6.2279290630562985,5.1070090402951545,13.043659510808938,0.3562804540375874,4.0,monoclinic,6.0,False,4.0
MoIrO4-rutile,Mo1 Ir1 O4,-662.11306842,58.695766666666664,975.6999999999999,93.16666666666667,3.02,1.8333333333333333,2.6666666666666665,2.0,2.3333333333333335,8.833333333333334,0.16666666666666666,1.3333333333333333,1.3333333333333333,0.0,2.8333333333333335,11.053333333333333,0.0,0.0,,,,,,,,,,,,,,,,,,,,,,,,,,,0,0,0.0,0.0,0,0,0,0.6666666666666666,0,0,0.0,0.0,0.0,0.0,0,0,0,0,0.0,0.0,0.0,0.0,0.0,0.0,0.0,0.0,0.0,0.0,0.0,0.0,0.0,0,0.0,0.0,0,0,0.0,0.0,0.0,0.0,0.0,0.16666666666666666,0,0,0.0,0.0,0.0,0.0,0.0,0.0,0.0,0,0,0,0.0,0.0,0,0.0,0,0,0,0,0,0,0,0,0,0,0,0,0.0,0,0.0,0.0,0.0,0,0.16666666666666666,0.0,0.0,0.0,0.0,0.0,0.0,0,0,0,0,0,0,0,0,0,0,0,0,0,0,0,0,0,0,0,0,0,0,0,0,0,0,0,0,0,0,0,0,0,0,0,0.3333333333333333,3,0.7071067811865476,0.6735400034370317,0.6669268801209055,0.6666782918025496,0.666666793823133,6.3836739223764996,,,,,,,,
mp-757115,K4 Sb20 O52,-581.01452698,45.046868421052636,293.04368421052624,92.42105263157895,2.936315789473684,1.9473684210526316,3.526315789473684,2.6315789473684212,0.0,8.105263157894736,0.05263157894736842,2.1578947368421053,0.0,0.0,2.210526315789474,18.382719298247366,0.0,0.0,,,,,,,,,,,,,,,,,,,,,,,,,,,0,0,0.0,0.0,0,0,0,0.6842105263157895,0,0,0.0,0.0,0.0,0.0,0,0,0,0,0.05263157894736842,0.0,0.0,0.0,0.0,0.0,0.0,0.0,0.0,0.0,0.0,0.0,0.0,0,0.0,0.0,0,0,0.0,0.0,0.0,0.0,0.0,0.0,0,0,0.0,0.0,0.0,0.0,0.0,0.0,0.2631578947368421,0,0,0,0.0,0.0,0,0.0,0,0,0,0,0,0,0,0,0,0,0,0,0.0,0,0.0,0.0,0.0,0,0.0,0.0,0.0,0.0,0.0,0.0,0.0,0,0,0,0,0,0,0,0,0,0,0,0,0,0,0,0,0,0,0,0,0,0,0,0,0,0,0,0,0,0,0,0,0,0,0,0.0,3,0.7349600023036286,0.6970481875841116,0.6853587705969523,0.6843321595380063,0.6842153729748748,6.326124213240432,5.702956592680504,13.116369330543685,0.48238081525390386,40.0,orthorhombic,5.0,False,8.0
mp-755493,Cr2 Sb2 O8,-444.32454712,39.625616666666666,550.4966666666666,90.33333333333333,2.9116666666666666,1.8333333333333333,3.1666666666666665,2.5,0.0,7.5,0.16666666666666666,1.8333333333333333,0.8333333333333334,0.0,2.8333333333333335,13.195,0.0,0.0,,,,,,,,,,,,,,,,,,,,,,,,,,,0,0,0.0,0.0,0,0,0,0.6666666666666666,0,0,0.0,0.0,0.0,0.0,0,0,0,0,0.0,0.0,0.0,0.0,0.0,0.16666666666666666,0.0,0.0,0.0,0.0,0.0,0.0,0.0,0,0.0,0.0,0,0,0.0,0.0,0.0,0.0,0.0,0.0,0,0,0.0,0.0,0.0,0.0,0.0,0.0,0.16666666666666666,0,0,0,0.0,0.0,0,0.0,0,0,0,0,0,0,0,0,0,0,0,0,0.0,0,0.0,0.0,0.0,0,0.0,0.0,0.0,0.0,0.0,0.0,0.0,0,0,0,0,0,0,0,0,0,0,0,0,0,0,0,0,0,0,0,0,0,0,0,0,0,0,0,0,0,0,0,0,0,0,0,0.16666666666666666,3,0.7071067811865476,0.6735400034370317,0.6669268801209055,0.6666782918025496,0.666666793823133,6.2277843469713705,6.10681382506145,10.774830621987297,0.43130153000637894,65.0,orthorhombic,5.0,True,8.0
mp-19305,Ca2 V4 O10,-1322.39256262,27.744750000000003,719.375,101.5,2.6825,2.0,2.5,0.75,0.0,5.25,0.0,1.25,1.75,0.0,3.0,13.664375000000001,0.0,0.0,,,,,,,,,,,,,,,,,,,,,,,,,,,0,0,0.0,0.0,0,0,0,0.625,0,0,0.0,0.0,0.0,0.0,0,0,0,0,0.0,0.125,0.0,0.0,0.25,0.0,0.0,0.0,0.0,0.0,0.0,0.0,0.0,0,0.0,0.0,0,0,0.0,0.0,0.0,0.0,0.0,0.0,0,0,0.0,0.0,0.0,0.0,0.0,0.0,0.0,0,0,0,0.0,0.0,0,0.0,0,0,0,0,0,0,0,0,0,0,0,0,0.0,0,0.0,0.0,0.0,0,0.0,0.0,0.0,0.0,0.0,0.0,0.0,0,0,0,0,0,0,0,0,0,0,0,0,0,0,0,0,0,0,0,0,0,0,0,0,0,0,0,0,0,0,0,0,0,0,0,0.25,3,0.6846531968814576,0.639653743364006,0.6263144593884458,0.6251473243490634,0.6250065596901787,5.615211819118142,3.671959180422526,12.54677382527897,0.49380131484302237,59.0,orthorhombic,5.0,True,8.0
mp-19305,Ca2 V4 O10,-1322.39256262,27.744750000000003,719.375,101.5,2.6825,2.0,2.5,0.75,0.0,5.25,0.0,1.25,1.75,0.0,3.0,13.664375000000001,0.0,0.0,,,,,,,,,,,,,,,,,,,,,,,,,,,0,0,0.0,0.0,0,0,0,0.625,0,0,0.0,0.0,0.0,0.0,0,0,0,0,0.0,0.125,0.0,0.0,0.25,0.0,0.0,0.0,0.0,0.0,0.0,0.0,0.0,0,0.0,0.0,0,0,0.0,0.0,0.0,0.0,0.0,0.0,0,0,0.0,0.0,0.0,0.0,0.0,0.0,0.0,0,0,0,0.0,0.0,0,0.0,0,0,0,0,0,0,0,0,0,0,0,0,0.0,0,0.0,0.0,0.0,0,0.0,0.0,0.0,0.0,0.0,0.0,0.0,0,0,0,0,0,0,0,0,0,0,0,0,0,0,0,0,0,0,0,0,0,0,0,0,0,0,0,0,0,0,0,0,0,0,0,0.25,3,0.6846531968814576,0.639653743364006,0.6263144593884458,0.6251473243490634,0.6250065596901787,5.615211819118142,3.671959180422526,12.54677382527897,0.49380131484302237,59.0,orthorhombic,5.0,True,8.0
mp-19410,Zn8 Cr16 O32,-768.70357876,33.338542857142855,753.1257142857143,94.85714285714286,2.6757142857142857,1.7142857142857142,2.2857142857142856,2.857142857142857,0.0,6.857142857142857,0.2857142857142857,1.1428571428571428,1.4285714285714286,0.0,2.857142857142857,10.394285714285715,0.0,0.0,,,,,,,,,,,,,,,,,,,,,,,,,,,0,0,0.0,0.0,0,0,0,0.5714285714285714,0,0,0.0,0.0,0.0,0.0,0,0,0,0,0.0,0.0,0.0,0.0,0.0,0.2857142857142857,0.0,0.0,0.0,0.0,0.0,0.14285714285714285,0.0,0,0.0,0.0,0,0,0.0,0.0,0.0,0.0,0.0,0.0,0,0,0.0,0.0,0.0,0.0,0.0,0.0,0.0,0,0,0,0.0,0.0,0,0.0,0,0,0,0,0,0,0,0,0,0,0,0,0.0,0,0.0,0.0,0.0,0,0.0,0.0,0.0,0.0,0.0,0.0,0.0,0,0,0,0,0,0,0,0,0,0,0,0,0,0,0,0,0,0,0,0,0,0,0,0,0,0,0,0,0,0,0,0,0,0,0,0.2857142857142857,3,0.6546536707079771,0.5970484566258902,0.5750650283013602,0.5720691506685885,0.5714844049399023,5.757546162422185,5.336957276683346,10.374231874252496,0.5083087531317209,227.0,cubic,1.0,True,48.0
mp-772572,Rb12 Co4 O14,-246.80286553,49.511266,386.2906666666667,135.6,2.1839999999999997,1.6,1.8666666666666667,0.9333333333333333,0.0,4.4,0.4,0.9333333333333333,0.4,0.0,1.7333333333333334,41.904,0.0,0.20646282666666668,,,,,,,,,,,,,,,,,,,,,,,,,,,0,0,0.0,0.0,0,0,0,0.4666666666666667,0,0,0.0,0.0,0.0,0.0,0,0,0,0,0.0,0.0,0.0,0.0,0.0,0.0,0.0,0.0,0.13333333333333333,0.0,0.0,0.0,0.0,0,0.0,0.0,0,0,0.4,0.0,0.0,0.0,0.0,0.0,0,0,0.0,0.0,0.0,0.0,0.0,0.0,0.0,0,0,0,0.0,0.0,0,0.0,0,0,0,0,0,0,0,0,0,0,0,0,0.0,0,0.0,0.0,0.0,0,0.0,0.0,0.0,0.0,0.0,0.0,0.0,0,0,0,0,0,0,0,0,0,0,0,0,0,0,0,0,0,0,0,0,0,0,0,0,0,0,0,0,0,0,0,0,0,0,0,0.13333333333333333,3,0.6289320754704403,0.5517848352762242,0.503673044493876,0.4865953423494136,0.47580704208200714,4.3708432233089285,4.035685500666176,20.372100732606402,1.1555509792478678,14.0,monoclinic,6.0,True,4.0
mp-754739,Ca2 Be6 O8,-645.34995531,16.38901825,751.775,91.0,2.43375,2.0,2.0,0.0,0.0,4.0,0.0,1.0,0.0,0.0,1.0,12.2325,0.0,0.0,,,,,,,,,,,,,,,,,,,,,,,,,,,0,0,0.0,0.375,0,0,0,0.5,0,0,0.0,0.0,0.0,0.0,0,0,0,0,0.0,0.125,0.0,0.0,0.0,0.0,0.0,0.0,0.0,0.0,0.0,0.0,0.0,0,0.0,0.0,0,0,0.0,0.0,0.0,0.0,0.0,0.0,0,0,0.0,0.0,0.0,0.0,0.0,0.0,0.0,0,0,0,0.0,0.0,0,0.0,0,0,0,0,0,0,0,0,0,0,0,0,0.0,0,0.0,0.0,0.0,0,0.0,0.0,0.0,0.0,0.0,0.0,0.0,0,0,0,0,0,0,0,0,0,0,0,0,0,0,0,0,0,0,0,0,0,0,0,0,0,0,0,0,0,0,0,0,0,0,0,0.0,3,0.6373774391990981,0.5642946794342502,0.5218357923239265,0.5090342055422441,0.5027468141173921,5.6267227919422025,2.731981788256599,9.961488477833067,0.5344994888123765,190.0,hexagonal,2.0,False,24.0
mp-30158,Sr6 Ga8 O18,-321.03362334,42.8591625,303.4275,104.1875,2.565625,2.0,2.5,2.5,0.0,7.0,0.0,2.375,0.0,0.0,2.375,20.0040625,0.0,0.0,,,,,,,,,,,,,,,,,,,,,,,,,,,0,0,0.0,0.0,0,0,0,0.5625,0,0,0.0,0.0,0.0,0.0,0,0,0,0,0.0,0.0,0.0,0.0,0.0,0.0,0.0,0.0,0.0,0.0,0.0,0.0,0.25,0,0.0,0.0,0,0,0.0,0.1875,0.0,0.0,0.0,0.0,0,0,0.0,0.0,0.0,0.0,0.0,0.0,0.0,0,0,0,0.0,0.0,0,0.0,0,0,0,0,0,0,0,0,0,0,0,0,0.0,0,0.0,0.0,0.0,0,0.0,0.0,0.0,0.0,0.0,0.0,0.0,0,0,0,0,0,0,0,0,0,0,0,0,0,0,0,0,0,0,0,0,0,0,0,0,0,0,0,0,0,0,0,0,0,0,0,0.0,3,0.6434768838116876,0.5849938514463223,0.5648934301993892,0.5628114875301685,0.562517866032027,5.0586497199622915,4.674005634644506,15.226621308481569,0.5971657239531625,2.0,triclinic,7.0,True,4.0
mp-1178388,Cs2 Tl2 O4,-795.19533438,92.321887975,247.04749999999999,130.25,2.3225,1.75,2.25,2.5,3.5,10.0,0.25,2.25,0.0,0.0,2.5,40.221250000000005,0.0,0.0,,,,,,,,,,,,,,,,,,,,,,,,,,,0,0,0.0,0.0,0,0,0,0.5,0,0,0.0,0.0,0.0,0.0,0,0,0,0,0.0,0.0,0.0,0.0,0.0,0.0,0.0,0.0,0.0,0.0,0.0,0.0,0.0,0,0.0,0.0,0,0,0.0,0.0,0.0,0.0,0.0,0.0,0,0,0.0,0.0,0.0,0.0,0.0,0.0,0.0,0,0,0,0.25,0.0,0,0.0,0,0,0,0,0,0,0,0,0,0,0,0,0.0,0,0.0,0.0,0.0,0,0.0,0.0,0.0,0.0,0.25,0.0,0.0,0,0,0,0,0,0,0,0,0,0,0,0,0,0,0,0,0,0,0,0,0,0,0,0,0,0,0,0,0,0,0,0,0,0,0,0.0,3,0.6123724356957945,0.538608672507971,0.5060993646249713,0.5011086692289443,0.5000975705253322,4.447893286217399,8.360560367889788,18.336582137213497,1.4201480576228613,194.0,hexagonal,2.0,True,48.0
mp-1210610,Mg1 Zn7 O8,-512.58613053,38.1225125,388.13499999999993,95.1875,2.5237499999999997,2.0,2.0,4.375,0.0,8.375,0.0,1.0,0.0,0.0,1.0,12.090625,0.0,0.0,,,,,,,,,,,,,,,,,,,,,,,,,,,0,0,0.0,0.0,0,0,0,0.5,0,0,0.0,0.0625,0.0,0.0,0,0,0,0,0.0,0.0,0.0,0.0,0.0,0.0,0.0,0.0,0.0,0.0,0.0,0.4375,0.0,0,0.0,0.0,0,0,0.0,0.0,0.0,0.0,0.0,0.0,0,0,0.0,0.0,0.0,0.0,0.0,0.0,0.0,0,0,0,0.0,0.0,0,0.0,0,0,0,0,0,0,0,0,0,0,0,0,0.0,0,0.0,0.0,0.0,0,0.0,0.0,0.0,0.0,0.0,0.0,0.0,0,0,0,0,0,0,0,0,0,0,0,0,0,0,0,0,0,0,0,0,0,0,0,0,0,0,0,0,0,0,0,0,0,0,0,0.0,3,0.667317390751957,0.593432424815425,0.543168172360016,0.5242288589762206,0.5118149154967486,5.875153566631891,5.338600907642595,11.861720064225748,0.4927476728152664,156.0,trigonal,3.0,False,12.0
mp-3395,Sr2 Se2 O6,-394.53049874,42.915639999999996,341.68,102.6,2.7640000000000002,2.0,3.2,2.0,0.0,7.2,0.0,1.6,0.0,0.0,1.6,21.493000000000002,0.1598,0.0,,,,,,,,,,,,,,,,,,,,,,,,,,,0,0,0.0,0.0,0,0,0,0.6,0,0,0.0,0.0,0.0,0.0,0,0,0,0,0.0,0.0,0.0,0.0,0.0,0.0,0.0,0.0,0.0,0.0,0.0,0.0,0.0,0,0.0,0.2,0,0,0.0,0.2,0.0,0.0,0.0,0.0,0,0,0.0,0.0,0.0,0.0,0.0,0.0,0.0,0,0,0,0.0,0.0,0,0.0,0,0,0,0,0,0,0,0,0,0,0,0,0.0,0,0.0,0.0,0.0,0,0.0,0.0,0.0,0.0,0.0,0.0,0.0,0,0,0,0,0,0,0,0,0,0,0,0,0,0,0,0,0,0,0,0,0,0,0,0,0,0,0,0,0,0,0,0,0,0,0,0.0,3,0.6633249580710799,0.6144633651371695,0.6009844187491661,0.6000783545597032,0.6000020321795635,5.916886947801732,4.651279273060777,15.321182131644216,0.5560312987301594,11.0,monoclinic,6.0,True,8.0
mp-675857,Cd8 Sn4 O16,-399.37895809,58.21851428571428,273.2457142857143,98.71428571428571,2.7285714285714286,2.0,2.5714285714285716,4.285714285714286,0.0,8.857142857142858,0.0,1.7142857142857142,0.0,0.0,1.7142857142857142,15.527857142857144,0.0,0.0,,,,,,,,,,,,,,,,,,,,,,,,,,,0,0,0.0,0.0,0,0,0,0.5714285714285714,0,0,0.0,0.0,0.0,0.0,0,0,0,0,0.0,0.0,0.0,0.0,0.0,0.0,0.0,0.0,0.0,0.0,0.0,0.0,0.0,0,0.0,0.0,0,0,0.0,0.0,0.0,0.0,0.0,0.0,0,0,0.0,0.0,0.0,0.2857142857142857,0.0,0.14285714285714285,0.0,0,0,0,0.0,0.0,0,0.0,0,0,0,0,0,0,0,0,0,0,0,0,0.0,0,0.0,0.0,0.0,0,0.0,0.0,0.0,0.0,0.0,0.0,0.0,0,0,0,0,0,0,0,0,0,0,0,0,0,0,0,0,0,0,0,0,0,0,0,0,0,0,0,0,0,0,0,0,0,0,0,0.0,3,0.6546536707079771,0.5970484566258902,0.5750650283013602,0.5720691506685885,0.5714844049399023,5.989113426146697,7.54774079305317,12.808351552676944,0.5307499934932767,55.0,orthorhombic,5.0,True,16.0
mp-12862,Lu4 Ta4 O16,-1098.70986361,69.98537999999999,907.5333333333333,103.5,2.7550000000000003,2.0,2.6666666666666665,0.6666666666666666,4.666666666666667,10.0,0.0,1.3333333333333333,2.6666666666666665,0.0,4.0,13.900833333333333,0.0,0.00037451666666666667,,,,,,,,,,,,,,,,,,,,,,,,,,,0,0,0.0,0.0,0,0,0,0.6666666666666666,0,0,0.0,0.0,0.0,0.0,0,0,0,0,0.0,0.0,0.0,0.0,0.0,0.0,0.0,0.0,0.0,0.0,0.0,0.0,0.0,0,0.0,0.0,0,0,0.0,0.0,0.0,0.0,0.0,0.0,0,0,0.0,0.0,0.0,0.0,0.0,0.0,0.0,0,0,0,0.0,0.0,0,0.0,0,0,0,0,0,0,0,0,0,0,0,0,0.16666666666666666,0,0.16666666666666666,0.0,0.0,0,0.0,0.0,0.0,0.0,0.0,0.0,0.0,0,0,0,0,0,0,0,0,0,0,0,0,0,0,0,0,0,0,0,0,0,0,0,0,0,0,0,0,0,0,0,0,0,0,0,0.16666666666666666,3,0.7071067811865476,0.6735400034370317,0.6669268801209055,0.6666782918025496,0.666666793823133,5.833975121313122,9.879084578185932,11.76359126949135,0.5502636891664516,13.0,monoclinic,6.0,True,8.0
CuPdO4-rutile,Cu1 Pd1 O4,-405.7813734,38.99393333333334,567.5033333333332,89.16666666666667,2.9766666666666666,1.5,2.6666666666666665,3.3333333333333335,0.0,7.5,0.16666666666666666,1.3333333333333333,0.0,0.0,1.5,10.316666666666668,0.0,0.0,,,,,,,,,,,,,,,,,,,,,,,,,,,0,0,0.0,0.0,0,0,0,0.6666666666666666,0,0,0.0,0.0,0.0,0.0,0,0,0,0,0.0,0.0,0.0,0.0,0.0,0.0,0.0,0.0,0.0,0.0,0.16666666666666666,0.0,0.0,0,0.0,0.0,0,0,0.0,0.0,0.0,0.0,0.0,0.0,0,0,0.0,0.16666666666666666,0.0,0.0,0.0,0.0,0.0,0,0,0,0.0,0.0,0,0.0,0,0,0,0,0,0,0,0,0,0,0,0,0.0,0,0.0,0.0,0.0,0,0.0,0.0,0.0,0.0,0.0,0.0,0.0,0,0,0,0,0,0,0,0,0,0,0,0,0,0,0,0,0,0,0,0,0,0,0,0,0,0,0,0,0,0,0,0,0,0,0,0.3333333333333333,3,0.7071067811865476,0.6735400034370317,0.6669268801209055,0.6666782918025496,0.666666793823133,6.330262237174802,,,,,,,,
mp-1016850,Ba1 Rh1 O3,-658.99722047,57.64614,680.28,111.0,2.698,1.8,2.4,1.6,0.0,5.8,0.2,1.2,0.4,0.0,1.8,20.909,0.0,0.0,,,,,,,,,,,,,,,,,,,,,,,,,,,0,0,0.0,0.0,0,0,0,0.6,0,0,0.0,0.0,0.0,0.0,0,0,0,0,0.0,0.0,0.0,0.0,0.0,0.0,0.0,0.0,0.0,0.0,0.0,0.0,0.0,0,0.0,0.0,0,0,0.0,0.0,0.0,0.0,0.0,0.0,0,0,0.2,0.0,0.0,0.0,0.0,0.0,0.0,0,0,0,0.0,0.2,0,0.0,0,0,0,0,0,0,0,0,0,0,0,0,0.0,0,0.0,0.0,0.0,0,0.0,0.0,0.0,0.0,0.0,0.0,0.0,0,0,0,0,0,0,0,0,0,0,0,0,0,0,0,0,0,0,0,0,0,0,0,0,0,0,0,0,0,0,0,0,0,0,0,0.2,3,0.6633249580710799,0.6144633651371695,0.6009844187491661,0.6000783545597032,0.6000020321795635,5.478457617370486,6.874242283265268,13.924977284472893,0.784921906698328,194.0,hexagonal,2.0,True,24.0
mp-1016850,Ba1 Rh1 O3,-658.99722047,57.64614,680.28,111.0,2.698,1.8,2.4,1.6,0.0,5.8,0.2,1.2,0.4,0.0,1.8,20.909,0.0,0.0,,,,,,,,,,,,,,,,,,,,,,,,,,,0,0,0.0,0.0,0,0,0,0.6,0,0,0.0,0.0,0.0,0.0,0,0,0,0,0.0,0.0,0.0,0.0,0.0,0.0,0.0,0.0,0.0,0.0,0.0,0.0,0.0,0,0.0,0.0,0,0,0.0,0.0,0.0,0.0,0.0,0.0,0,0,0.2,0.0,0.0,0.0,0.0,0.0,0.0,0,0,0,0.0,0.2,0,0.0,0,0,0,0,0,0,0,0,0,0,0,0,0.0,0,0.0,0.0,0.0,0,0.0,0.0,0.0,0.0,0.0,0.0,0.0,0,0,0,0,0,0,0,0,0,0,0,0,0,0,0,0,0,0,0,0,0,0,0,0,0,0,0,0,0,0,0,0,0,0,0,0.2,3,0.6633249580710799,0.6144633651371695,0.6009844187491661,0.6000783545597032,0.6000020321795635,5.478457617370486,6.874242283265268,13.924977284472893,0.784921906698328,194.0,hexagonal,2.0,True,24.0
mp-755882,Mn8 Al16 O32,-832.2416402,24.69981745714286,515.02,92.14285714285714,2.6471428571428572,2.0,2.5714285714285716,0.7142857142857143,0.0,5.285714285714286,0.0,2.5714285714285716,0.7142857142857143,0.0,3.2857142857142856,11.409655172414286,0.0,4.4302955665e-05,,,,,,,,,,,,,,,,,,,,,,,,,,,0,0,0.0,0.0,0,0,0,0.5714285714285714,0,0,0.0,0.0,0.2857142857142857,0.0,0,0,0,0,0.0,0.0,0.0,0.0,0.0,0.0,0.14285714285714285,0.0,0.0,0.0,0.0,0.0,0.0,0,0.0,0.0,0,0,0.0,0.0,0.0,0.0,0.0,0.0,0,0,0.0,0.0,0.0,0.0,0.0,0.0,0.0,0,0,0,0.0,0.0,0,0.0,0,0,0,0,0,0,0,0,0,0,0,0,0.0,0,0.0,0.0,0.0,0,0.0,0.0,0.0,0.0,0.0,0.0,0.0,0,0,0,0,0,0,0,0,0,0,0,0,0,0,0,0,0,0,0,0,0,0,0,0,0,0,0,0,0,0,0,0,0,0,0,0.14285714285714285,3,0.6546536707079771,0.5970484566258902,0.5750650283013602,0.5720691506685885,0.5714844049399023,5.3413297862744145,4.186127650172239,9.797840703947571,0.45892935199246104,227.0,cubic,1.0,True,48.0
mp-18726,Cr4 Ni4 O16,-262.02374818,29.114516666666663,687.8666666666667,87.83333333333333,2.888333333333333,1.8333333333333333,2.6666666666666665,2.1666666666666665,0.0,6.666666666666667,0.16666666666666666,1.3333333333333333,1.1666666666666667,0.0,2.6666666666666665,9.655,0.0,0.09923245000000001,,,,,,,,,,,,,,,,,,,,,,,,,,,0,0,0.0,0.0,0,0,0,0.6666666666666666,0,0,0.0,0.0,0.0,0.0,0,0,0,0,0.0,0.0,0.0,0.0,0.0,0.16666666666666666,0.0,0.0,0.0,0.16666666666666666,0.0,0.0,0.0,0,0.0,0.0,0,0,0.0,0.0,0.0,0.0,0.0,0.0,0,0,0.0,0.0,0.0,0.0,0.0,0.0,0.0,0,0,0,0.0,0.0,0,0.0,0,0,0,0,0,0,0,0,0,0,0,0,0.0,0,0.0,0.0,0.0,0,0.0,0.0,0.0,0.0,0.0,0.0,0.0,0,0,0,0,0,0,0,0,0,0,0,0,0,0,0,0,0,0,0,0,0,0,0,0,0,0,0,0,0,0,0,0,0,0,0,0.3333333333333333,3,0.7071067811865476,0.6735400034370317,0.6669268801209055,0.6666782918025496,0.666666793823133,6.1261551632586775,4.271992466085163,11.316918927534148,0.3743532128272949,63.0,orthorhombic,5.0,True,8.0
mp-1105160,Sr4 Ir4 O12,-404.33473794,65.56703999999999,790.6800000000001,106.8,2.694,2.0,2.4,1.4,2.8,8.6,0.0,1.2,0.6,0.0,1.8,19.151,0.0,0.0,,,,,,,,,,,,,,,,,,,,,,,,,,,0,0,0.0,0.0,0,0,0,0.6,0,0,0.0,0.0,0.0,0.0,0,0,0,0,0.0,0.0,0.0,0.0,0.0,0.0,0.0,0.0,0.0,0.0,0.0,0.0,0.0,0,0.0,0.0,0,0,0.0,0.2,0.0,0.0,0.0,0.0,0,0,0.0,0.0,0.0,0.0,0.0,0.0,0.0,0,0,0,0.0,0.0,0,0.0,0,0,0,0,0,0,0,0,0,0,0,0,0.0,0,0.0,0.0,0.0,0,0.2,0.0,0.0,0.0,0.0,0.0,0.0,0,0,0,0,0,0,0,0,0,0,0,0,0,0,0,0,0,0,0,0,0,0,0,0,0,0,0,0,0,0,0,0,0,0,0,0.2,3,0.6633249580710799,0.6144633651371695,0.6009844187491661,0.6000783545597032,0.6000020321795635,5.803224051849351,8.4998523367249,12.809238000879425,0.7265171025458249,5.0,monoclinic,6.0,False,2.0
mp-1105160,Sr4 Ir4 O12,-404.33473794,65.56703999999999,790.6800000000001,106.8,2.694,2.0,2.4,1.4,2.8,8.6,0.0,1.2,0.6,0.0,1.8,19.151,0.0,0.0,,,,,,,,,,,,,,,,,,,,,,,,,,,0,0,0.0,0.0,0,0,0,0.6,0,0,0.0,0.0,0.0,0.0,0,0,0,0,0.0,0.0,0.0,0.0,0.0,0.0,0.0,0.0,0.0,0.0,0.0,0.0,0.0,0,0.0,0.0,0,0,0.0,0.2,0.0,0.0,0.0,0.0,0,0,0.0,0.0,0.0,0.0,0.0,0.0,0.0,0,0,0,0.0,0.0,0,0.0,0,0,0,0,0,0,0,0,0,0,0,0,0.0,0,0.0,0.0,0.0,0,0.2,0.0,0.0,0.0,0.0,0.0,0.0,0,0,0,0,0,0,0,0,0,0,0,0,0,0,0,0,0,0,0,0,0,0,0,0,0,0,0,0,0,0,0,0,0,0,0,0.2,3,0.6633249580710799,0.6144633651371695,0.6009844187491661,0.6000783545597032,0.6000020321795635,5.803224051849351,8.4998523367249,12.809238000879425,0.7265171025458249,5.0,monoclinic,6.0,False,2.0
mp-1215778,Zn4 Ni2 O6,-422.14077187,39.575266666666664,546.2933333333333,94.33333333333333,2.5883333333333334,2.0,2.0,4.666666666666667,0.0,8.666666666666666,0.0,1.0,0.3333333333333333,0.0,1.3333333333333333,10.925833333333335,0.0,0.09923245000000001,,,,,,,,,,,,,,,,,,,,,,,,,,,0,0,0.0,0.0,0,0,0,0.5,0,0,0.0,0.0,0.0,0.0,0,0,0,0,0.0,0.0,0.0,0.0,0.0,0.0,0.0,0.0,0.0,0.16666666666666666,0.0,0.3333333333333333,0.0,0,0.0,0.0,0,0,0.0,0.0,0.0,0.0,0.0,0.0,0,0,0.0,0.0,0.0,0.0,0.0,0.0,0.0,0,0,0,0.0,0.0,0,0.0,0,0,0,0,0,0,0,0,0,0,0,0,0.0,0,0.0,0.0,0.0,0,0.0,0.0,0.0,0.0,0.0,0.0,0.0,0,0,0,0,0,0,0,0,0,0,0,0,0,0,0,0,0,0,0,0,0,0,0,0,0,0,0,0,0,0,0,0,0,0,0,0.16666666666666666,3,0.6236095644623235,0.5503212081491045,0.5128974808990104,0.5041104334909742,0.5008612172408381,5.886842102070357,6.615378299468778,9.93629167751026,0.5641326637838929,71.0,orthorhombic,5.0,True,8.0
mp-755358,Lu2 Al2 O6,-1180.99202982,49.98930772,606.7740000000001,101.2,2.6399999999999997,2.0,2.6,0.2,2.8,7.6,0.0,2.2,1.8,0.0,4.0,14.532,0.0,0.00044942,,,,,,,,,,,,,,,,,,,,,,,,,,,0,0,0.0,0.0,0,0,0,0.6,0,0,0.0,0.0,0.2,0.0,0,0,0,0,0.0,0.0,0.0,0.0,0.0,0.0,0.0,0.0,0.0,0.0,0.0,0.0,0.0,0,0.0,0.0,0,0,0.0,0.0,0.0,0.0,0.0,0.0,0,0,0.0,0.0,0.0,0.0,0.0,0.0,0.0,0,0,0,0.0,0.0,0,0.0,0,0,0,0,0,0,0,0,0,0,0,0,0.2,0,0.0,0.0,0.0,0,0.0,0.0,0.0,0.0,0.0,0.0,0.0,0,0,0,0,0,0,0,0,0,0,0,0,0,0,0,0,0,0,0,0,0,0,0,0,0,0,0,0,0,0,0,0,0,0,0,0.0,3,0.6633249580710799,0.6144633651371695,0.6009844187491661,0.6000783545597032,0.6000020321795635,5.2773709027162115,8.216249290520174,10.103060652585379,0.6600943134330112,62.0,orthorhombic,5.0,True,16.0
GaAsO4-rutile,Ga1 As1 O4,-608.90607666,34.7737,268.685,84.16666666666667,2.9583333333333335,2.0,3.3333333333333335,3.3333333333333335,0.0,8.666666666666666,0.0,2.6666666666666665,0.0,0.0,2.6666666666666665,12.90875,0.0,0.0,,,,,,,,,,,,,,,,,,,,,,,,,,,0,0,0.0,0.0,0,0,0,0.6666666666666666,0,0,0.0,0.0,0.0,0.0,0,0,0,0,0.0,0.0,0.0,0.0,0.0,0.0,0.0,0.0,0.0,0.0,0.0,0.0,0.16666666666666666,0,0.16666666666666666,0.0,0,0,0.0,0.0,0.0,0.0,0.0,0.0,0,0,0.0,0.0,0.0,0.0,0.0,0.0,0.0,0,0,0,0.0,0.0,0,0.0,0,0,0,0,0,0,0,0,0,0,0,0,0.0,0,0.0,0.0,0.0,0,0.0,0.0,0.0,0.0,0.0,0.0,0.0,0,0,0,0,0,0,0,0,0,0,0,0,0,0,0,0,0,0,0,0,0,0,0,0,0,0,0,0,0,0,0,0,0,0,0,0.0,3,0.7071067811865476,0.6735400034370317,0.6669268801209055,0.6666782918025496,0.666666793823133,6.149271322963821,4.211810681378157,13.709801268182625,0.2333186400021853,152.0,trigonal,3.0,False,12.0
mp-16887,Ba8 Co4 O16,-318.56325262,56.797827857142856,569.6,117.14285714285714,2.488571428571429,2.0,2.2857142857142856,1.0,0.0,5.285714285714286,0.0,1.1428571428571428,0.42857142857142855,0.0,1.5714285714285714,24.835000000000004,0.0,0.22121017142857144,,,,,,,,,,,,,,,,,,,,,,,,,,,0,0,0.0,0.0,0,0,0,0.5714285714285714,0,0,0.0,0.0,0.0,0.0,0,0,0,0,0.0,0.0,0.0,0.0,0.0,0.0,0.0,0.0,0.14285714285714285,0.0,0.0,0.0,0.0,0,0.0,0.0,0,0,0.0,0.0,0.0,0.0,0.0,0.0,0,0,0.0,0.0,0.0,0.0,0.0,0.0,0.0,0,0,0,0.0,0.2857142857142857,0,0.0,0,0,0,0,0,0,0,0,0,0,0,0,0.0,0,0.0,0.0,0.0,0,0.0,0.0,0.0,0.0,0.0,0.0,0.0,0,0,0,0,0,0,0,0,0,0,0,0,0,0,0,0,0,0,0,0,0,0,0,0,0,0,0,0,0,0,0,0,0,0,0,0.14285714285714285,3,0.6546536707079771,0.5970484566258902,0.5750650283013602,0.5720691506685885,0.5714844049399023,5.172273716534814,5.511526944371036,17.112319895832687,0.8113172742680105,14.0,monoclinic,6.0,True,4.0
mp-757202,K14 Bi18 O48,-797.99063838,63.4624325,214.26274999999995,108.425,2.662,1.825,3.075,2.25,3.15,10.3,0.175,1.875,0.0,0.0,2.05,25.670416666672498,0.0,0.0,,,,,,,,,,,,,,,,,,,,,,,,,,,0,0,0.0,0.0,0,0,0,0.6,0,0,0.0,0.0,0.0,0.0,0,0,0,0,0.175,0.0,0.0,0.0,0.0,0.0,0.0,0.0,0.0,0.0,0.0,0.0,0.0,0,0.0,0.0,0,0,0.0,0.0,0.0,0.0,0.0,0.0,0,0,0.0,0.0,0.0,0.0,0.0,0.0,0.0,0,0,0,0.0,0.0,0,0.0,0,0,0,0,0,0,0,0,0,0,0,0,0.0,0,0.0,0.0,0.0,0,0.0,0.0,0.0,0.0,0.0,0.0,0.225,0,0,0,0,0,0,0,0,0,0,0,0,0,0,0,0,0,0,0,0,0,0,0,0,0,0,0,0,0,0,0,0,0,0,0,0.0,3,0.6642665127793211,0.6151247901528124,0.6011388494672988,0.6001047224673156,0.6000035668370625,5.393613416155154,6.70554950678289,15.715617112117513,0.776848140532575,12.0,monoclinic,6.0,True,8.0
mp-1207437,Zr18 Re8 O6,-613.04418413,100.8651375,2072.025,148.5625,1.868125,2.0,0.75,2.375,3.5,8.625,0.0,0.375,5.75,0.0,6.125,18.418125,0.0,0.0,,,,,,,,,,,,,,,,,,,,,,,,,,,0,0,0.0,0.0,0,0,0,0.1875,0,0,0.0,0.0,0.0,0.0,0,0,0,0,0.0,0.0,0.0,0.0,0.0,0.0,0.0,0.0,0.0,0.0,0.0,0.0,0.0,0,0.0,0.0,0,0,0.0,0.0,0.0,0.5625,0.0,0.0,0,0,0.0,0.0,0.0,0.0,0.0,0.0,0.0,0,0,0,0.0,0.0,0,0.0,0,0,0,0,0,0,0,0,0,0,0,0,0.0,0,0.0,0.0,0.25,0,0.0,0.0,0.0,0.0,0.0,0.0,0.0,0,0,0,0,0,0,0,0,0,0,0,0,0,0,0,0,0,0,0,0,0,0,0,0,0,0,0,0,0,0,0,0,0,0,0,0.25,3,0.6434768838116876,0.5849938514463223,0.5648934301993892,0.5628114875301685,0.562517866032027,4.202776199282035,9.927849415373686,16.870773770135127,0.6828565537330372,194.0,hexagonal,2.0,True,48.0
mp-1102412,Cr4 O8,-1033.60127584,27.9983,763.1999999999999,90.33333333333333,2.8466666666666662,1.6666666666666667,2.6666666666666665,1.6666666666666667,0.0,6.0,0.3333333333333333,1.3333333333333333,1.6666666666666667,0.0,3.3333333333333335,9.799999999999999,0.0,0.0,,,,,,,,,,,,,,,,,,,,,,,,,,,0,0,0.0,0.0,0,0,0,0.6666666666666666,0,0,0.0,0.0,0.0,0.0,0,0,0,0,0.0,0.0,0.0,0.0,0.0,0.3333333333333333,0.0,0.0,0.0,0.0,0.0,0.0,0.0,0,0.0,0.0,0,0,0.0,0.0,0.0,0.0,0.0,0.0,0,0,0.0,0.0,0.0,0.0,0.0,0.0,0.0,0,0,0,0.0,0.0,0,0.0,0,0,0,0,0,0,0,0,0,0,0,0,0.0,0,0.0,0.0,0.0,0,0.0,0.0,0.0,0.0,0.0,0.0,0.0,0,0,0,0,0,0,0,0,0,0,0,0,0,0,0,0,0,0,0,0,0,0,0,0,0,0,0,0,0,0,0,0,0,0,0,0.3333333333333333,2,0.7453559924999299,0.6933612743506347,0.6707822056951861,0.667408235036379,0.6667317422407864,5.956185738953239,4.924261405718086,9.441470950213098,0.4696866184148035,136.0,tetragonal,4.0,True,16.0
mp-1105160,Sr4 Ir4 O12,-483.94281282,65.56703999999999,790.6800000000001,106.8,2.694,2.0,2.4,1.4,2.8,8.6,0.0,1.2,0.6,0.0,1.8,19.151,0.0,0.0,,,,,,,,,,,,,,,,,,,,,,,,,,,0,0,0.0,0.0,0,0,0,0.6,0,0,0.0,0.0,0.0,0.0,0,0,0,0,0.0,0.0,0.0,0.0,0.0,0.0,0.0,0.0,0.0,0.0,0.0,0.0,0.0,0,0.0,0.0,0,0,0.0,0.2,0.0,0.0,0.0,0.0,0,0,0.0,0.0,0.0,0.0,0.0,0.0,0.0,0,0,0,0.0,0.0,0,0.0,0,0,0,0,0,0,0,0,0,0,0,0,0.0,0,0.0,0.0,0.0,0,0.2,0.0,0.0,0.0,0.0,0.0,0.0,0,0,0,0,0,0,0,0,0,0,0,0,0,0,0,0,0,0,0,0,0,0,0,0,0,0,0,0,0,0,0,0,0,0,0,0.2,3,0.6633249580710799,0.6144633651371695,0.6009844187491661,0.6000783545597032,0.6000020321795635,5.803224051849351,8.4998523367249,12.809238000879425,0.7265171025458249,5.0,monoclinic,6.0,False,2.0
mp-1105160,Sr4 Ir4 O12,-483.94281282,65.56703999999999,790.6800000000001,106.8,2.694,2.0,2.4,1.4,2.8,8.6,0.0,1.2,0.6,0.0,1.8,19.151,0.0,0.0,,,,,,,,,,,,,,,,,,,,,,,,,,,0,0,0.0,0.0,0,0,0,0.6,0,0,0.0,0.0,0.0,0.0,0,0,0,0,0.0,0.0,0.0,0.0,0.0,0.0,0.0,0.0,0.0,0.0,0.0,0.0,0.0,0,0.0,0.0,0,0,0.0,0.2,0.0,0.0,0.0,0.0,0,0,0.0,0.0,0.0,0.0,0.0,0.0,0.0,0,0,0,0.0,0.0,0,0.0,0,0,0,0,0,0,0,0,0,0,0,0,0.0,0,0.0,0.0,0.0,0,0.2,0.0,0.0,0.0,0.0,0.0,0.0,0,0,0,0,0,0,0,0,0,0,0,0,0,0,0,0,0,0,0,0,0,0,0,0,0,0,0,0,0,0,0,0,0,0,0,0.2,3,0.6633249580710799,0.6144633651371695,0.6009844187491661,0.6000783545597032,0.6000020321795635,5.803224051849351,8.4998523367249,12.809238000879425,0.7265171025458249,5.0,monoclinic,6.0,False,2.0
mp-867545,Ba4 W24 O72,-740.1086958,61.134248,966.2560000000001,95.0,3.0787999999999998,2.0,2.88,0.96,3.36,9.2,0.0,1.44,1.44,0.0,2.88,12.951200000000002,0.0,0.0,,,,,,,,,,,,,,,,,,,,,,,,,,,0,0,0.0,0.0,0,0,0,0.72,0,0,0.0,0.0,0.0,0.0,0,0,0,0,0.0,0.0,0.0,0.0,0.0,0.0,0.0,0.0,0.0,0.0,0.0,0.0,0.0,0,0.0,0.0,0,0,0.0,0.0,0.0,0.0,0.0,0.0,0,0,0.0,0.0,0.0,0.0,0.0,0.0,0.0,0,0,0,0.0,0.04,0,0.0,0,0,0,0,0,0,0,0,0,0,0,0,0.0,0,0.0,0.24,0.0,0,0.0,0.0,0.0,0.0,0.0,0.0,0.0,0,0,0,0,0,0,0,0,0,0,0,0,0,0,0,0,0,0,0,0,0,0,0,0,0,0,0,0,0,0,0,0,0,0,0,0.24,3,0.76,0.7288215175573911,0.7205916954910786,0.7200470221123169,0.7200012193170502,6.356175508178817,7.467305241767382,13.594704376784966,0.3523482351637033,12.0,monoclinic,6.0,True,8.0
mp-1235496,Sr2 Li1 O12,-371.99891605,24.944920000000003,214.08599999999998,87.33333333333333,2.9440000000000004,1.9333333333333333,3.2,0.0,0.0,5.133333333333334,0.06666666666666667,1.6,0.0,0.0,1.6666666666666667,15.620888888886666,0.0,0.0,,,,,,,,,,,,,,,,,,,,,,,,,,,0,0,0.06666666666666667,0.0,0,0,0,0.8,0,0,0.0,0.0,0.0,0.0,0,0,0,0,0.0,0.0,0.0,0.0,0.0,0.0,0.0,0.0,0.0,0.0,0.0,0.0,0.0,0,0.0,0.0,0,0,0.0,0.13333333333333333,0.0,0.0,0.0,0.0,0,0,0.0,0.0,0.0,0.0,0.0,0.0,0.0,0,0,0,0.0,0.0,0,0.0,0,0,0,0,0,0,0,0,0,0,0,0,0.0,0,0.0,0.0,0.0,0,0.0,0.0,0.0,0.0,0.0,0.0,0.0,0,0,0,0,0,0,0,0,0,0,0,0,0,0,0,0,0,0,0,0,0,0,0,0,0,0,0,0,0,0,0,0,0,0,0,0.0,3,0.813770374382247,0.8013864845763644,0.8000212180102627,0.8000004114454509,0.8000000013243458,6.235545389876968,2.8726150068077128,14.419619104167891,0.41909585068607147,1.0,triclinic,7.0,False,1.0
mp-361,Cu4 O2,-516.0933458,47.69713333333333,923.4466666666667,110.0,2.4133333333333336,1.3333333333333333,1.3333333333333333,6.666666666666667,0.0,9.333333333333334,0.6666666666666666,0.6666666666666666,0.0,0.0,1.3333333333333333,10.415000000000001,0.0,0.0,,,,,,,,,,,,,,,,,,,,,,,,,,,0,0,0.0,0.0,0,0,0,0.3333333333333333,0,0,0.0,0.0,0.0,0.0,0,0,0,0,0.0,0.0,0.0,0.0,0.0,0.0,0.0,0.0,0.0,0.0,0.6666666666666666,0.0,0.0,0,0.0,0.0,0,0,0.0,0.0,0.0,0.0,0.0,0.0,0,0,0.0,0.0,0.0,0.0,0.0,0.0,0.0,0,0,0,0.0,0.0,0,0.0,0,0,0,0,0,0,0,0,0,0,0,0,0.0,0,0.0,0.0,0.0,0,0.0,0.0,0.0,0.0,0.0,0.0,0.0,0,0,0,0,0,0,0,0,0,0,0,0,0,0,0,0,0,0,0,0,0,0,0,0,0,0,0,0,0,0,0,0,0,0,0,0.6666666666666666,2,0.7453559924999299,0.6933612743506347,0.6707822056951861,0.667408235036379,0.6667317422407864,5.326632568695307,6.204947176738228,12.764484711878117,0.5618915443935848,224.0,cubic,1.0,True,96.0
mp-685137,Ce4 Sb2 O4,-349.30161001,86.79816000000001,631.0759999999999,135.8,2.234,2.0,2.2,2.4,0.4,7.0,0.0,1.4,3.6,5.2,10.2,24.85,0.0,0.0,,,,,,,,,,,,,,,,,,,,,,,,,,,0,0,0.0,0.0,0,0,0,0.4,0,0,0.0,0.0,0.0,0.0,0,0,0,0,0.0,0.0,0.0,0.0,0.0,0.0,0.0,0.0,0.0,0.0,0.0,0.0,0.0,0,0.0,0.0,0,0,0.0,0.0,0.0,0.0,0.0,0.0,0,0,0.0,0.0,0.0,0.0,0.0,0.0,0.2,0,0,0,0.0,0.0,0,0.4,0,0,0,0,0,0,0,0,0,0,0,0,0.0,0,0.0,0.0,0.0,0,0.0,0.0,0.0,0.0,0.0,0.0,0.0,0,0,0,0,0,0,0,0,0,0,0,0,0,0,0,0,0,0,0,0,0,0,0,0,0,0,0,0,0,0,0,0,0,0,0,0.0,3,0.6000000000000001,0.5142563181316472,0.46090632396042813,0.4418818424353128,0.4287303134918266,4.794203956510538,6.920126553015132,20.827904617953884,0.6493529397960068,12.0,monoclinic,6.0,True,4.0
mp-1222192,Mg2 Al1 O6,-441.27347451,19.06532651111111,345.3633333333334,88.77777777777777,2.7633333333333336,2.0,2.7777777777777777,0.0,0.0,4.777777777777778,0.0,1.8888888888888888,0.0,0.0,1.8888888888888888,12.98777777777778,0.0,0.0,,,,,,,,,,,,,,,,,,,,,,,,,,,0,0,0.0,0.0,0,0,0,0.6666666666666666,0,0,0.0,0.2222222222222222,0.1111111111111111,0.0,0,0,0,0,0.0,0.0,0.0,0.0,0.0,0.0,0.0,0.0,0.0,0.0,0.0,0.0,0.0,0,0.0,0.0,0,0,0.0,0.0,0.0,0.0,0.0,0.0,0,0,0.0,0.0,0.0,0.0,0.0,0.0,0.0,0,0,0,0.0,0.0,0,0.0,0,0,0,0,0,0,0,0,0,0,0,0,0.0,0,0.0,0.0,0.0,0,0.0,0.0,0.0,0.0,0.0,0.0,0.0,0,0,0,0,0,0,0,0,0,0,0,0,0,0,0,0,0,0,0,0,0,0,0,0,0,0,0,0,0,0,0,0,0,0,0,0.0,3,0.7114582486036499,0.6758002217303778,0.6672315521896236,0.6667105455840667,0.6666677967664446,5.897398847996629,1.0874832379309043,29.111914951122895,0.15985908529112086,2.0,triclinic,7.0,True,2.0
mp-755117,Ba4 Ir2 O8,-459.56459378,75.83837142857143,708.3142857142857,119.28571428571429,2.5342857142857147,2.0,2.2857142857142856,1.0,2.0,7.285714285714286,0.0,1.1428571428571428,0.42857142857142855,0.0,1.5714285714285714,25.40142857142857,0.0,0.0,,,,,,,,,,,,,,,,,,,,,,,,,,,0,0,0.0,0.0,0,0,0,0.5714285714285714,0,0,0.0,0.0,0.0,0.0,0,0,0,0,0.0,0.0,0.0,0.0,0.0,0.0,0.0,0.0,0.0,0.0,0.0,0.0,0.0,0,0.0,0.0,0,0,0.0,0.0,0.0,0.0,0.0,0.0,0,0,0.0,0.0,0.0,0.0,0.0,0.0,0.0,0,0,0,0.0,0.2857142857142857,0,0.0,0,0,0,0,0,0,0,0,0,0,0,0,0.0,0,0.0,0.0,0.0,0,0.14285714285714285,0.0,0.0,0.0,0.0,0.0,0.0,0,0,0,0,0,0,0,0,0,0,0,0,0,0,0,0,0,0,0,0,0,0,0,0,0,0,0,0,0,0,0,0,0,0,0,0.14285714285714285,3,0.6546536707079771,0.5970484566258902,0.5750650283013602,0.5720691506685885,0.5714844049399023,5.340457510637027,8.066736629317633,15.611341297882657,0.8893227346308955,139.0,tetragonal,4.0,True,32.0
mp-996961,Li4 Au4 O8,-276.71228569,58.976592249999996,475.155,99.0,2.6,1.5,2.0,2.5,3.5,9.5,0.5,1.0,0.0,0.0,1.5,12.875833333325,0.0,0.0,,,,,,,,,,,,,,,,,,,,,,,,,,,0,0,0.25,0.0,0,0,0,0.5,0,0,0.0,0.0,0.0,0.0,0,0,0,0,0.0,0.0,0.0,0.0,0.0,0.0,0.0,0.0,0.0,0.0,0.0,0.0,0.0,0,0.0,0.0,0,0,0.0,0.0,0.0,0.0,0.0,0.0,0,0,0.0,0.0,0.0,0.0,0.0,0.0,0.0,0,0,0,0.0,0.0,0,0.0,0,0,0,0,0,0,0,0,0,0,0,0,0.0,0,0.0,0.0,0.0,0,0.0,0.0,0.25,0.0,0.0,0.0,0.0,0,0,0,0,0,0,0,0,0,0,0,0,0,0,0,0,0,0,0,0,0,0,0,0,0,0,0,0,0,0,0,0,0,0,0,0.0,3,0.6123724356957945,0.538608672507971,0.5060993646249713,0.5011086692289443,0.5000975705253322,5.602512959973686,8.332296827779572,11.75341416743396,0.5293271013027919,98.0,tetragonal,4.0,False,16.0
mp-1096845,Ba4 Ag4 O8,-451.17729997,69.2985,586.1325,123.0,2.425,1.75,2.0,2.5,0.0,6.25,0.25,1.0,0.0,0.0,1.25,24.5325,0.0,0.0,,,,,,,,,,,,,,,,,,,,,,,,,,,0,0,0.0,0.0,0,0,0,0.5,0,0,0.0,0.0,0.0,0.0,0,0,0,0,0.0,0.0,0.0,0.0,0.0,0.0,0.0,0.0,0.0,0.0,0.0,0.0,0.0,0,0.0,0.0,0,0,0.0,0.0,0.0,0.0,0.0,0.0,0,0,0.0,0.0,0.25,0.0,0.0,0.0,0.0,0,0,0,0.0,0.25,0,0.0,0,0,0,0,0,0,0,0,0,0,0,0,0.0,0,0.0,0.0,0.0,0,0.0,0.0,0.0,0.0,0.0,0.0,0.0,0,0,0,0,0,0,0,0,0,0,0,0,0,0,0,0,0,0,0,0,0,0,0,0,0,0,0,0,0,0,0,0,0,0,0,0.25,3,0.6123724356957945,0.538608672507971,0.5060993646249713,0.5011086692289443,0.5000975705253322,5.098999027609438,6.7836397590111375,16.963292679964916,0.8930549487355195,123.0,tetragonal,4.0,True,32.0
mvc-4613,Y4 Ni8 O16,-606.99851135,38.61289285714285,782.0285714285714,100.28571428571429,2.685714285714286,2.0,2.2857142857142856,2.4285714285714284,0.0,6.714285714285714,0.0,1.1428571428571428,1.8571428571428572,0.0,3.0,12.775000000000002,0.0,0.17011277142857145,,,,,,,,,,,,,,,,,,,,,,,,,,,0,0,0.0,0.0,0,0,0,0.5714285714285714,0,0,0.0,0.0,0.0,0.0,0,0,0,0,0.0,0.0,0.0,0.0,0.0,0.0,0.0,0.0,0.0,0.2857142857142857,0.0,0.0,0.0,0,0.0,0.0,0,0,0.0,0.0,0.14285714285714285,0.0,0.0,0.0,0,0,0.0,0.0,0.0,0.0,0.0,0.0,0.0,0,0,0,0.0,0.0,0,0.0,0,0,0,0,0,0,0,0,0,0,0,0,0.0,0,0.0,0.0,0.0,0,0.0,0.0,0.0,0.0,0.0,0.0,0.0,0,0,0,0,0,0,0,0,0,0,0,0,0,0,0,0,0,0,0,0,0,0,0,0,0,0,0,0,0,0,0,0,0,0,0,0.2857142857142857,3,0.6546536707079771,0.5970484566258902,0.5750650283013602,0.5720691506685885,0.5714844049399023,5.735584813967217,5.308564461453598,12.078259126150042,0.5755338473773058,227.0,cubic,1.0,True,48.0
mp-1101400,Sr20 W12 O56,-610.346288,55.16416363636363,777.3727272727273,108.4090909090909,2.7268181818181816,2.0,2.5454545454545454,0.5454545454545454,1.9090909090909092,7.0,0.0,1.2727272727272727,0.8181818181818182,0.0,2.090909090909091,20.307727272727274,0.0,0.0,,,,,,,,,,,,,,,,,,,,,,,,,,,0,0,0.0,0.0,0,0,0,0.6363636363636364,0,0,0.0,0.0,0.0,0.0,0,0,0,0,0.0,0.0,0.0,0.0,0.0,0.0,0.0,0.0,0.0,0.0,0.0,0.0,0.0,0,0.0,0.0,0,0,0.0,0.22727272727272727,0.0,0.0,0.0,0.0,0,0,0.0,0.0,0.0,0.0,0.0,0.0,0.0,0,0,0,0.0,0.0,0,0.0,0,0,0,0,0,0,0,0,0,0,0,0,0.0,0,0.0,0.13636363636363635,0.0,0,0.0,0.0,0.0,0.0,0.0,0.0,0.0,0,0,0,0,0,0,0,0,0,0,0,0,0,0,0,0,0,0,0,0,0,0,0,0,0,0,0,0,0,0,0,0,0,0,0,0.13636363636363635,3,0.6893523130955955,0.6479032697456002,0.6371586637737163,0.636432875197531,0.6363657977704132,5.626426288367829,6.156716133148193,14.878426573751682,0.6450355022556846,9.0,monoclinic,6.0,False,4.0
mp-17275,Sr4 Y8 O16,-862.81435257,47.06132857142857,695.3142857142857,119.85714285714286,2.4499999999999997,2.0,2.2857142857142856,0.2857142857142857,0.0,4.571428571428571,0.0,1.1428571428571428,2.5714285714285716,0.0,3.7142857142857144,22.197142857142858,0.0,0.0,,,,,,,,,,,,,,,,,,,,,,,,,,,0,0,0.0,0.0,0,0,0,0.5714285714285714,0,0,0.0,0.0,0.0,0.0,0,0,0,0,0.0,0.0,0.0,0.0,0.0,0.0,0.0,0.0,0.0,0.0,0.0,0.0,0.0,0,0.0,0.0,0,0,0.0,0.14285714285714285,0.2857142857142857,0.0,0.0,0.0,0,0,0.0,0.0,0.0,0.0,0.0,0.0,0.0,0,0,0,0.0,0.0,0,0.0,0,0,0,0,0,0,0,0,0,0,0,0,0.0,0,0.0,0.0,0.0,0,0.0,0.0,0.0,0.0,0.0,0.0,0.0,0,0,0,0,0,0,0,0,0,0,0,0,0,0,0,0,0,0,0,0,0,0,0,0,0,0,0,0,0,0,0,0,0,0,0,0.0,3,0.6546536707079771,0.5970484566258902,0.5750650283013602,0.5720691506685885,0.5714844049399023,5.171160339345692,5.3395891583766675,14.63542838413739,0.8393281120592515,62.0,orthorhombic,5.0,True,16.0
mp-13133,K8 Ti4 O12,-907.53090458,29.0103,463.07666666666665,127.33333333333333,2.25,1.6666666666666667,2.0,0.3333333333333333,0.0,4.0,0.3333333333333333,1.0,1.3333333333333333,0.0,2.6666666666666665,31.703055555566664,0.0,3.75555555555e-06,,,,,,,,,,,,,,,,,,,,,,,,,,,0,0,0.0,0.0,0,0,0,0.5,0,0,0.0,0.0,0.0,0.0,0,0,0,0,0.3333333333333333,0.0,0.0,0.16666666666666666,0.0,0.0,0.0,0.0,0.0,0.0,0.0,0.0,0.0,0,0.0,0.0,0,0,0.0,0.0,0.0,0.0,0.0,0.0,0,0,0.0,0.0,0.0,0.0,0.0,0.0,0.0,0,0,0,0.0,0.0,0,0.0,0,0,0,0,0,0,0,0,0,0,0,0,0.0,0,0.0,0.0,0.0,0,0.0,0.0,0.0,0.0,0.0,0.0,0.0,0,0,0,0,0,0,0,0,0,0,0,0,0,0,0,0,0,0,0,0,0,0,0,0,0,0,0,0,0,0,0,0,0,0,0,0.16666666666666666,3,0.6236095644623235,0.5503212081491045,0.5128974808990104,0.5041104334909742,0.5008612172408381,4.5332122906943235,3.0352908315560656,15.870879999460788,1.085981081696792,63.0,orthorhombic,5.0,True,16.0
mp-1222275,Li1 Tl1 O2,-405.03290221,60.830774999999996,285.0725,101.25,2.37,1.75,2.25,2.5,3.5,10.0,0.25,2.25,0.0,0.0,2.5,15.428333333325,0.0,0.0,,,,,,,,,,,,,,,,,,,,,,,,,,,0,0,0.25,0.0,0,0,0,0.5,0,0,0.0,0.0,0.0,0.0,0,0,0,0,0.0,0.0,0.0,0.0,0.0,0.0,0.0,0.0,0.0,0.0,0.0,0.0,0.0,0,0.0,0.0,0,0,0.0,0.0,0.0,0.0,0.0,0.0,0,0,0.0,0.0,0.0,0.0,0.0,0.0,0.0,0,0,0,0.0,0.0,0,0.0,0,0,0,0,0,0,0,0,0,0,0,0,0.0,0,0.0,0.0,0.0,0,0.0,0.0,0.0,0.0,0.25,0.0,0.0,0,0,0,0,0,0,0,0,0,0,0,0,0,0,0,0,0,0,0,0,0,0,0,0,0,0,0,0,0,0,0,0,0,0,0,0.0,3,0.6123724356957945,0.538608672507971,0.5060993646249713,0.5011086692289443,0.5000975705253322,4.817833878786573,8.082191668273037,12.498080053793837,0.8663434650512066,141.0,tetragonal,4.0,True,32.0
mp-1205877,Cs4 Tl4 O4,-126.10733648,117.76271729999998,311.12999999999994,151.66666666666666,1.95,1.6666666666666667,1.6666666666666667,3.3333333333333335,4.666666666666667,11.333333333333334,0.3333333333333333,2.3333333333333335,0.0,0.0,2.6666666666666665,50.593333333333334,0.0,0.0,,,,,,,,,,,,,,,,,,,,,,,,,,,0,0,0.0,0.0,0,0,0,0.3333333333333333,0,0,0.0,0.0,0.0,0.0,0,0,0,0,0.0,0.0,0.0,0.0,0.0,0.0,0.0,0.0,0.0,0.0,0.0,0.0,0.0,0,0.0,0.0,0,0,0.0,0.0,0.0,0.0,0.0,0.0,0,0,0.0,0.0,0.0,0.0,0.0,0.0,0.0,0,0,0,0.3333333333333333,0.0,0,0.0,0,0,0,0,0,0,0,0,0,0,0,0,0.0,0,0.0,0.0,0.0,0,0.0,0.0,0.0,0.0,0.3333333333333333,0.0,0.0,0,0,0,0,0,0,0,0,0,0,0,0,0,0,0,0,0,0,0,0,0,0,0,0,0,0,0,0,0,0,0,0,0,0,0,0.0,3,0.5773502691896257,0.4807498567691361,0.4152436465385057,0.389976937586229,0.37204105801130144,3.730358128101121,6.823368317241363,28.65880659625455,1.2010021770141703,12.0,monoclinic,6.0,True,8.0
mp-635020,Cs12 Bi8 O18,-705.13632198,93.54467954736842,235.80736842105264,139.47368421052633,2.3042105263157895,1.6842105263157894,2.526315789473684,2.1052631578947367,2.9473684210526314,9.263157894736842,0.3157894736842105,1.5789473684210527,0.0,0.0,1.894736842105263,47.8071052631579,0.0,0.0,,,,,,,,,,,,,,,,,,,,,,,,,,,0,0,0.0,0.0,0,0,0,0.47368421052631576,0,0,0.0,0.0,0.0,0.0,0,0,0,0,0.0,0.0,0.0,0.0,0.0,0.0,0.0,0.0,0.0,0.0,0.0,0.0,0.0,0,0.0,0.0,0,0,0.0,0.0,0.0,0.0,0.0,0.0,0,0,0.0,0.0,0.0,0.0,0.0,0.0,0.0,0,0,0,0.3157894736842105,0.0,0,0.0,0,0,0,0,0,0,0,0,0,0,0,0,0.0,0,0.0,0.0,0.0,0,0.0,0.0,0.0,0.0,0.0,0.0,0.21052631578947367,0,0,0,0,0,0,0,0,0,0,0,0,0,0,0,0,0,0,0,0,0,0,0,0,0,0,0,0,0,0,0,0,0,0,0,0.0,3,0.6069769786668839,0.5278900235430366,0.48702929981689375,0.4777693059943333,0.4745133351296405,4.487600453842169,6.060689322595191,25.629856079059415,1.0647639860856564,2.0,triclinic,7.0,True,4.0
mp-753991,Mg16 Co8 O32,-638.3294358,24.505827857142858,547.6,96.0,2.608571428571428,2.0,2.2857142857142856,1.0,0.0,5.285714285714286,0.0,1.1428571428571428,0.42857142857142855,0.0,1.5714285714285714,13.206428571428571,0.0,0.22121017142857144,,,,,,,,,,,,,,,,,,,,,,,,,,,0,0,0.0,0.0,0,0,0,0.5714285714285714,0,0,0.0,0.2857142857142857,0.0,0.0,0,0,0,0,0.0,0.0,0.0,0.0,0.0,0.0,0.0,0.0,0.14285714285714285,0.0,0.0,0.0,0.0,0,0.0,0.0,0,0,0.0,0.0,0.0,0.0,0.0,0.0,0,0,0.0,0.0,0.0,0.0,0.0,0.0,0.0,0,0,0,0.0,0.0,0,0.0,0,0,0,0,0,0,0,0,0,0,0,0,0.0,0,0.0,0.0,0.0,0,0.0,0.0,0.0,0.0,0.0,0.0,0.0,0,0,0,0,0,0,0,0,0,0,0,0,0,0,0,0,0,0,0,0,0,0,0,0,0,0,0,0,0,0,0,0,0,0,0,0.14285714285714285,3,0.6546536707079771,0.5970484566258902,0.5750650283013602,0.5720691506685885,0.5714844049399023,5.725701692113144,3.8322621962664614,10.618502202865548,0.56773467553048,227.0,cubic,1.0,True,16.0
FeIrO4-rutile,Fe1 Ir1 O4,-590.00209421,52.00993333333333,794.8666666666667,89.5,2.965,2.0,2.6666666666666665,2.1666666666666665,2.3333333333333335,9.166666666666666,0.0,1.3333333333333333,1.1666666666666667,0.0,2.5,10.226666666666667,0.0,0.3517771333333333,,,,,,,,,,,,,,,,,,,,,,,,,,,0,0,0.0,0.0,0,0,0,0.6666666666666666,0,0,0.0,0.0,0.0,0.0,0,0,0,0,0.0,0.0,0.0,0.0,0.0,0.0,0.0,0.16666666666666666,0.0,0.0,0.0,0.0,0.0,0,0.0,0.0,0,0,0.0,0.0,0.0,0.0,0.0,0.0,0,0,0.0,0.0,0.0,0.0,0.0,0.0,0.0,0,0,0,0.0,0.0,0,0.0,0,0,0,0,0,0,0,0,0,0,0,0,0.0,0,0.0,0.0,0.0,0,0.16666666666666666,0.0,0.0,0.0,0.0,0.0,0.0,0,0,0,0,0,0,0,0,0,0,0,0,0,0,0,0,0,0,0,0,0,0,0,0,0,0,0,0,0,0,0,0,0,0,0,0.3333333333333333,3,0.7071067811865476,0.6735400034370317,0.6669268801209055,0.6666782918025496,0.666666793823133,6.4142584365914725,,,,,,,,
mp-1213798,Cr12 O22,-921.3915755,28.704117647058823,804.8705882352941,91.76470588235294,2.8117647058823527,1.6470588235294117,2.588235294117647,1.7647058823529411,0.0,6.0,0.35294117647058826,1.2941176470588236,1.7647058823529411,0.0,3.411764705882353,9.840882352941177,0.0,0.0,,,,,,,,,,,,,,,,,,,,,,,,,,,0,0,0.0,0.0,0,0,0,0.6470588235294118,0,0,0.0,0.0,0.0,0.0,0,0,0,0,0.0,0.0,0.0,0.0,0.0,0.35294117647058826,0.0,0.0,0.0,0.0,0.0,0.0,0.0,0,0.0,0.0,0,0,0.0,0.0,0.0,0.0,0.0,0.0,0,0,0.0,0.0,0.0,0.0,0.0,0.0,0.0,0,0,0,0.0,0.0,0,0.0,0,0,0,0,0,0,0,0,0,0,0,0,0.0,0,0.0,0.0,0.0,0,0.0,0.0,0.0,0.0,0.0,0.0,0.0,0,0,0,0,0,0,0,0,0,0,0,0,0,0,0,0,0,0,0,0,0,0,0,0,0,0,0,0,0,0,0,0,0,0,0,0.35294117647058826,2,0.73705671094951,0.6803220020056101,0.6531898977009819,0.6483785908396356,0.6472095099963818,5.874147438891482,4.966650245126532,9.59687242696166,0.4837164586617582,2.0,triclinic,7.0,True,2.0
mp-4598,Sr24 Pt6 O36,-497.45761528,58.32367272727273,597.2909090909092,119.27272727272727,2.429090909090909,1.9090909090909092,2.1818181818181817,0.8181818181818182,1.2727272727272727,6.181818181818182,0.09090909090909091,1.0909090909090908,0.09090909090909091,0.0,1.2727272727272727,26.05181818181818,0.0,0.0,,,,,,,,,,,,,,,,,,,,,,,,,,,0,0,0.0,0.0,0,0,0,0.5454545454545454,0,0,0.0,0.0,0.0,0.0,0,0,0,0,0.0,0.0,0.0,0.0,0.0,0.0,0.0,0.0,0.0,0.0,0.0,0.0,0.0,0,0.0,0.0,0,0,0.0,0.36363636363636365,0.0,0.0,0.0,0.0,0,0,0.0,0.0,0.0,0.0,0.0,0.0,0.0,0,0,0,0.0,0.0,0,0.0,0,0,0,0,0,0,0,0,0,0,0,0,0.0,0,0.0,0.0,0.0,0,0.0,0.09090909090909091,0.0,0.0,0.0,0.0,0.0,0,0,0,0,0,0,0,0,0,0,0,0,0,0,0,0,0,0,0,0,0,0,0,0,0,0,0,0,0,0,0,0,0,0,0,0.09090909090909091,3,0.6618281717527744,0.5954465109199432,0.5591311898306591,0.549904991846294,0.5463931465182424,5.165340487552226,6.482816921620801,14.939298514437551,0.9114213593576895,167.0,trigonal,3.0,True,24.0
mp-754745,Na8 Sn4 O12,-248.50406211,35.447956426666664,235.2033333333333,111.5,2.356666666666667,1.6666666666666667,2.3333333333333335,1.6666666666666667,0.0,5.666666666666667,0.3333333333333333,1.6666666666666667,0.0,0.0,2.0,19.847777777766666,0.0,0.0,,,,,,,,,,,,,,,,,,,,,,,,,,,0,0,0.0,0.0,0,0,0,0.5,0,0,0.3333333333333333,0.0,0.0,0.0,0,0,0,0,0.0,0.0,0.0,0.0,0.0,0.0,0.0,0.0,0.0,0.0,0.0,0.0,0.0,0,0.0,0.0,0,0,0.0,0.0,0.0,0.0,0.0,0.0,0,0,0.0,0.0,0.0,0.0,0.0,0.16666666666666666,0.0,0,0,0,0.0,0.0,0,0.0,0,0,0,0,0,0,0,0,0,0,0,0,0.0,0,0.0,0.0,0.0,0,0.0,0.0,0.0,0.0,0.0,0.0,0.0,0,0,0,0,0,0,0,0,0,0,0,0,0,0,0,0,0,0,0,0,0,0,0,0,0,0,0,0,0,0,0,0,0,0,0,0.0,3,0.6236095644623235,0.5503212081491045,0.5128974808990104,0.5041104334909742,0.5008612172408381,4.946606586422658,4.9145953388090025,11.977123751173073,0.8953517955858018,15.0,monoclinic,6.0,True,8.0
mp-754092,Sc4 Ti4 O12,-571.05259488,28.1642224,783.88,105.6,2.644,2.0,2.4,0.6,0.0,5.0,0.0,1.2,3.4,0.0,4.6,13.248,0.0,5.7766666666600005e-06,,,,,,,,,,,,,,,,,,,,,,,,,,,0,0,0.0,0.0,0,0,0,0.6,0,0,0.0,0.0,0.0,0.0,0,0,0,0,0.0,0.0,0.2,0.2,0.0,0.0,0.0,0.0,0.0,0.0,0.0,0.0,0.0,0,0.0,0.0,0,0,0.0,0.0,0.0,0.0,0.0,0.0,0,0,0.0,0.0,0.0,0.0,0.0,0.0,0.0,0,0,0,0.0,0.0,0,0.0,0,0,0,0,0,0,0,0,0,0,0,0,0.0,0,0.0,0.0,0.0,0,0.0,0.0,0.0,0.0,0.0,0.0,0.0,0,0,0,0,0,0,0,0,0,0,0,0,0,0,0,0,0,0,0,0,0,0,0,0,0,0,0,0,0,0,0,0,0,0,0,0.2,3,0.6633249580710799,0.6144633651371695,0.6009844187491661,0.6000783545597032,0.6000020321795635,5.491898118284334,4.121270153647101,11.347907294930623,0.5528007982132929,148.0,trigonal,3.0,True,6.0
mp-771005,Lu4 Ta12 O36,-956.6379991,66.29269538461539,946.0923076923077,99.3076923076923,2.825384615384616,2.0,2.769230769230769,0.7692307692307693,4.3076923076923075,9.846153846153847,0.0,1.3846153846153846,2.3076923076923075,0.0,3.6923076923076925,12.705384615384617,0.0,0.00017285384615384617,,,,,,,,,,,,,,,,,,,,,,,,,,,0,0,0.0,0.0,0,0,0,0.6923076923076923,0,0,0.0,0.0,0.0,0.0,0,0,0,0,0.0,0.0,0.0,0.0,0.0,0.0,0.0,0.0,0.0,0.0,0.0,0.0,0.0,0,0.0,0.0,0,0,0.0,0.0,0.0,0.0,0.0,0.0,0,0,0.0,0.0,0.0,0.0,0.0,0.0,0.0,0,0,0,0.0,0.0,0,0.0,0,0,0,0,0,0,0,0,0,0,0,0,0.07692307692307693,0,0.23076923076923078,0.0,0.0,0,0.0,0.0,0.0,0.0,0.0,0.0,0.0,0,0,0,0,0,0,0,0,0,0,0,0,0,0,0,0,0,0,0,0,0,0,0,0,0,0,0,0,0,0,0,0,0,0,0,0.23076923076923078,3,0.7337993857053428,0.7010601383073748,0.6928788943947558,0.6923529263854064,0.6923088647477684,6.0998321346124715,9.123010090069673,12.066372297093512,0.439252899772851,11.0,monoclinic,6.0,True,8.0
mp-1237257,Lu4 Sb4 O16,-620.32106953,60.120733333333334,509.8299999999999,98.33333333333333,2.8466666666666662,2.0,3.1666666666666665,1.8333333333333333,2.3333333333333335,9.333333333333334,0.0,1.8333333333333333,1.5,0.0,3.3333333333333335,16.140833333333333,0.0,0.00037451666666666667,,,,,,,,,,,,,,,,,,,,,,,,,,,0,0,0.0,0.0,0,0,0,0.6666666666666666,0,0,0.0,0.0,0.0,0.0,0,0,0,0,0.0,0.0,0.0,0.0,0.0,0.0,0.0,0.0,0.0,0.0,0.0,0.0,0.0,0,0.0,0.0,0,0,0.0,0.0,0.0,0.0,0.0,0.0,0,0,0.0,0.0,0.0,0.0,0.0,0.0,0.16666666666666666,0,0,0,0.0,0.0,0,0.0,0,0,0,0,0,0,0,0,0,0,0,0,0.16666666666666666,0,0.0,0.0,0.0,0,0.0,0.0,0.0,0.0,0.0,0.0,0.0,0,0,0,0,0,0,0,0,0,0,0,0,0,0,0,0,0,0,0,0,0,0,0,0,0,0,0,0,0,0,0,0,0,0,0,0.0,3,0.7071067811865476,0.6735400034370317,0.6669268801209055,0.6666782918025496,0.666666793823133,5.999970141561478,8.344087421130437,11.96450574698055,0.5410233624928608,14.0,monoclinic,6.0,True,8.0
mp-5127,Li8 Cu8 O8,-300.76979169,28.828799999999998,622.0866666666667,108.66666666666667,2.106666666666667,1.3333333333333333,1.3333333333333333,3.3333333333333335,0.0,6.0,0.6666666666666666,0.6666666666666666,0.0,0.0,1.3333333333333333,12.2561111111,0.0,0.0,,,,,,,,,,,,,,,,,,,,,,,,,,,0,0,0.3333333333333333,0.0,0,0,0,0.3333333333333333,0,0,0.0,0.0,0.0,0.0,0,0,0,0,0.0,0.0,0.0,0.0,0.0,0.0,0.0,0.0,0.0,0.0,0.3333333333333333,0.0,0.0,0,0.0,0.0,0,0,0.0,0.0,0.0,0.0,0.0,0.0,0,0,0.0,0.0,0.0,0.0,0.0,0.0,0.0,0,0,0,0.0,0.0,0,0.0,0,0,0,0,0,0,0,0,0,0,0,0,0.0,0,0.0,0.0,0.0,0,0.0,0.0,0.0,0.0,0.0,0.0,0.0,0,0,0,0,0,0,0,0,0,0,0,0,0,0,0,0,0,0,0,0,0,0,0,0,0,0,0,0,0,0,0,0,0,0,0,0.3333333333333333,3,0.5773502691896257,0.4807498567691361,0.4152436465385057,0.389976937586229,0.37204105801130144,4.663632489434325,4.289470405864194,11.160200253307563,0.716260263498852,139.0,tetragonal,4.0,True,32.0
mp-1215349,Zr12 Ni4 O2,-574.62221467,75.6366888888889,1808.7555555555555,151.55555555555554,1.6933333333333334,2.0,0.4444444444444444,3.111111111111111,0.0,5.555555555555555,0.0,0.2222222222222222,5.777777777777778,0.0,6.0,18.76833333333333,0.0,0.13230993333333335,,,,,,,,,,,,,,,,,,,,,,,,,,,0,0,0.0,0.0,0,0,0,0.1111111111111111,0,0,0.0,0.0,0.0,0.0,0,0,0,0,0.0,0.0,0.0,0.0,0.0,0.0,0.0,0.0,0.0,0.2222222222222222,0.0,0.0,0.0,0,0.0,0.0,0,0,0.0,0.0,0.0,0.6666666666666666,0.0,0.0,0,0,0.0,0.0,0.0,0.0,0.0,0.0,0.0,0,0,0,0.0,0.0,0,0.0,0,0,0,0,0,0,0,0,0,0,0,0,0.0,0,0.0,0.0,0.0,0,0.0,0.0,0.0,0.0,0.0,0.0,0.0,0,0,0,0,0,0,0,0,0,0,0,0,0,0,0,0,0,0,0,0,0,0,0,0,0,0,0,0,0,0,0,0,0,0,0,0.2222222222222222,3,0.7114582486036499,0.6758002217303778,0.6672315521896236,0.6667105455840667,0.6666677967664447,4.03355623682032,6.988931494627254,17.97094120042535,0.7116918705577717,12.0,monoclinic,6.0,True,8.0
mp-1866,K2 O4,-483.24963903,23.699033333333333,148.71,111.66666666666667,2.566666666666667,1.6666666666666667,2.6666666666666665,0.0,0.0,4.333333333333333,0.3333333333333333,1.3333333333333333,0.0,0.0,1.6666666666666667,30.4388888889,0.0,0.0,,,,,,,,,,,,,,,,,,,,,,,,,,,0,0,0.0,0.0,0,0,0,0.6666666666666666,0,0,0.0,0.0,0.0,0.0,0,0,0,0,0.3333333333333333,0.0,0.0,0.0,0.0,0.0,0.0,0.0,0.0,0.0,0.0,0.0,0.0,0,0.0,0.0,0,0,0.0,0.0,0.0,0.0,0.0,0.0,0,0,0.0,0.0,0.0,0.0,0.0,0.0,0.0,0,0,0,0.0,0.0,0,0.0,0,0,0,0,0,0,0,0,0,0,0,0,0.0,0,0.0,0.0,0.0,0,0.0,0.0,0.0,0.0,0.0,0.0,0.0,0,0,0,0,0,0,0,0,0,0,0,0,0,0,0,0,0,0,0,0,0,0,0,0,0,0,0,0,0,0,0,0,0,0,0,0.0,2,0.7453559924999299,0.6933612743506347,0.6707822056951861,0.667408235036379,0.6667317422407864,5.163241239320435,2.350780180808049,16.740472404404162,0.9241434838844611,2.0,triclinic,7.0,True,2.0
mp-1102963,V4 O8,-679.12140909,27.646766666666664,764.1999999999999,95.0,2.8366666666666664,2.0,2.6666666666666665,1.0,0.0,5.666666666666667,0.0,1.3333333333333333,2.3333333333333335,0.0,3.6666666666666665,10.406666666666666,0.0,0.0,,,,,,,,,,,,,,,,,,,,,,,,,,,0,0,0.0,0.0,0,0,0,0.6666666666666666,0,0,0.0,0.0,0.0,0.0,0,0,0,0,0.0,0.0,0.0,0.0,0.3333333333333333,0.0,0.0,0.0,0.0,0.0,0.0,0.0,0.0,0,0.0,0.0,0,0,0.0,0.0,0.0,0.0,0.0,0.0,0,0,0.0,0.0,0.0,0.0,0.0,0.0,0.0,0,0,0,0.0,0.0,0,0.0,0,0,0,0,0,0,0,0,0,0,0,0,0.0,0,0.0,0.0,0.0,0,0.0,0.0,0.0,0.0,0.0,0.0,0.0,0,0,0,0,0,0,0,0,0,0,0,0,0,0,0,0,0,0,0,0,0,0,0,0,0,0,0,0,0,0,0,0,0,0,0,0.3333333333333333,2,0.7453559924999299,0.6933612743506347,0.6707822056951861,0.667408235036379,0.6667317422407864,5.912403025772768,4.067600260876649,11.286393262601704,0.35782178258590397,12.0,monoclinic,6.0,True,4.0
mp-5072,Rb4 Hg2 O4,-293.53900297,80.70488,193.768,140.8,2.104,1.6,1.6,2.0,2.8,8.0,0.4,0.8,0.0,0.0,1.2,44.978517241380004,0.0,0.0,,,,,,,,,,,,,,,,,,,,,,,,,,,0,0,0.0,0.0,0,0,0,0.4,0,0,0.0,0.0,0.0,0.0,0,0,0,0,0.0,0.0,0.0,0.0,0.0,0.0,0.0,0.0,0.0,0.0,0.0,0.0,0.0,0,0.0,0.0,0,0,0.4,0.0,0.0,0.0,0.0,0.0,0,0,0.0,0.0,0.0,0.0,0.0,0.0,0.0,0,0,0,0.0,0.0,0,0.0,0,0,0,0,0,0,0,0,0,0,0,0,0.0,0,0.0,0.0,0.0,0,0.0,0.0,0.0,0.2,0.0,0.0,0.0,0,0,0,0,0,0,0,0,0,0,0,0,0,0,0,0,0,0,0,0,0,0,0,0,0,0,0,0,0,0,0,0,0,0,0,0.0,3,0.6000000000000001,0.5142563181316472,0.46090632396042813,0.4418818424353128,0.4287303134918266,4.38053226554624,5.459037163593853,24.548945588103486,1.0156844840449823,139.0,tetragonal,4.0,True,32.0
mp-754384,Sc2 Tl2 O4,-736.11198421,70.334503,625.15,111.75,2.465,2.0,2.25,2.75,3.5,10.5,0.0,2.25,2.25,0.0,4.5,16.838749999999997,0.0,1.5875e-06,,,,,,,,,,,,,,,,,,,,,,,,,,,0,0,0.0,0.0,0,0,0,0.5,0,0,0.0,0.0,0.0,0.0,0,0,0,0,0.0,0.0,0.25,0.0,0.0,0.0,0.0,0.0,0.0,0.0,0.0,0.0,0.0,0,0.0,0.0,0,0,0.0,0.0,0.0,0.0,0.0,0.0,0,0,0.0,0.0,0.0,0.0,0.0,0.0,0.0,0,0,0,0.0,0.0,0,0.0,0,0,0,0,0,0,0,0,0,0,0,0,0.0,0,0.0,0.0,0.0,0,0.0,0.0,0.0,0.0,0.25,0.0,0.0,0,0,0,0,0,0,0,0,0,0,0,0,0,0,0,0,0,0,0,0,0,0,0,0,0,0,0,0,0,0,0,0,0,0,0,0.0,3,0.6123724356957945,0.538608672507971,0.5060993646249713,0.5011086692289443,0.5000975705253322,4.95976233798322,7.805540001081917,14.962858445204603,0.7969358635012205,194.0,hexagonal,2.0,True,48.0
mp-557057,Nb16 O32,-856.94079261,41.63506,953.1999999999999,98.66666666666667,2.8266666666666667,1.6666666666666667,2.6666666666666665,1.3333333333333333,0.0,5.666666666666667,0.3333333333333333,1.3333333333333333,2.0,0.0,3.6666666666666665,12.13,0.0,0.0,,,,,,,,,,,,,,,,,,,,,,,,,,,0,0,0.0,0.0,0,0,0,0.6666666666666666,0,0,0.0,0.0,0.0,0.0,0,0,0,0,0.0,0.0,0.0,0.0,0.0,0.0,0.0,0.0,0.0,0.0,0.0,0.0,0.0,0,0.0,0.0,0,0,0.0,0.0,0.0,0.0,0.3333333333333333,0.0,0,0,0.0,0.0,0.0,0.0,0.0,0.0,0.0,0,0,0,0.0,0.0,0,0.0,0,0,0,0,0,0,0,0,0,0,0,0,0.0,0,0.0,0.0,0.0,0,0.0,0.0,0.0,0.0,0.0,0.0,0.0,0,0,0,0,0,0,0,0,0,0,0,0,0,0,0,0,0,0,0,0,0,0,0,0,0,0,0,0,0,0,0,0,0,0,0,0.3333333333333333,2,0.7453559924999299,0.6933612743506347,0.6707822056951861,0.667408235036379,0.6667317422407864,6.013760835439266,5.748749535931039,12.026379534315767,0.4041007759909111,88.0,tetragonal,4.0,True,16.0
mp-674298,Al44 Cd2 O68,-1345.73985418,21.92955174035088,403.3992982456141,88.59649122807018,2.702982456140351,2.0,2.7719298245614037,0.17543859649122806,0.0,4.947368421052632,0.0,3.1228070175438596,0.0,0.0,3.1228070175438596,12.133771929824562,0.0,0.0,,,,,,,,,,,,,,,,,,,,,,,,,,,0,0,0.0,0.0,0,0,0,0.5964912280701754,0,0,0.0,0.0,0.38596491228070173,0.0,0,0,0,0,0.0,0.0,0.0,0.0,0.0,0.0,0.0,0.0,0.0,0.0,0.0,0.0,0.0,0,0.0,0.0,0,0,0.0,0.0,0.0,0.0,0.0,0.0,0,0,0.0,0.0,0.0,0.017543859649122806,0.0,0.0,0.0,0,0,0,0.0,0.0,0,0.0,0,0,0,0,0,0,0,0,0,0,0,0,0.0,0,0.0,0.0,0.0,0,0.0,0.0,0.0,0.0,0.0,0.0,0.0,0,0,0,0,0,0,0,0,0,0,0,0,0,0,0,0,0,0,0,0,0,0,0,0,0,0,0,0,0,0,0,0,0,0,0,0.0,3,0.7106887403694419,0.6461187380511905,0.6094477263017812,0.6004580112472334,0.5972542559530988,5.375902345512112,3.3059887704855213,11.014821875334826,0.3605159564810422,11.0,monoclinic,6.0,True,8.0
mvc-12194,Al20 Bi12 O54,-938.90685591,45.48096711627907,327.45813953488374,90.23255813953489,2.816279069767442,2.0,3.1627906976744184,1.3953488372093024,1.9534883720930232,8.511627906976743,0.0,2.8372093023255816,0.0,0.0,2.8372093023255816,14.14732558139535,0.0,0.0,,,,,,,,,,,,,,,,,,,,,,,,,,,0,0,0.0,0.0,0,0,0,0.627906976744186,0,0,0.0,0.0,0.23255813953488372,0.0,0,0,0,0,0.0,0.0,0.0,0.0,0.0,0.0,0.0,0.0,0.0,0.0,0.0,0.0,0.0,0,0.0,0.0,0,0,0.0,0.0,0.0,0.0,0.0,0.0,0,0,0.0,0.0,0.0,0.0,0.0,0.0,0.0,0,0,0,0.0,0.0,0,0.0,0,0,0,0,0,0,0,0,0,0,0,0,0.0,0,0.0,0.0,0.0,0,0.0,0.0,0.0,0.0,0.0,0.0,0.13953488372093023,0,0,0,0,0,0,0,0,0,0,0,0,0,0,0,0,0,0,0,0,0,0,0,0,0,0,0,0,0,0,0,0,0,0,0,0.0,3,0.6839740079001275,0.6405800068141972,0.6288474092606909,0.6279950934975029,0.6279100448209604,5.682409163434836,5.770514381982083,13.087728023806813,0.3717045763749362,55.0,orthorhombic,5.0,True,8.0
mp-16974,Sr2 V12 O22,-546.24108002,31.62568888888889,819.4888888888888,102.16666666666667,2.698333333333333,2.0,2.4444444444444446,1.0,0.0,5.444444444444445,0.0,1.2222222222222223,2.3333333333333335,0.0,3.5555555555555554,12.913611111111111,0.0,0.0,,,,,,,,,,,,,,,,,,,,,,,,,,,0,0,0.0,0.0,0,0,0,0.6111111111111112,0,0,0.0,0.0,0.0,0.0,0,0,0,0,0.0,0.0,0.0,0.0,0.3333333333333333,0.0,0.0,0.0,0.0,0.0,0.0,0.0,0.0,0,0.0,0.0,0,0,0.0,0.05555555555555555,0.0,0.0,0.0,0.0,0,0,0.0,0.0,0.0,0.0,0.0,0.0,0.0,0,0,0,0.0,0.0,0,0.0,0,0,0,0,0,0,0,0,0,0,0,0,0.0,0,0.0,0.0,0.0,0,0.0,0.0,0.0,0.0,0.0,0.0,0.0,0,0,0,0,0,0,0,0,0,0,0,0,0,0,0,0,0,0,0,0,0,0,0,0,0,0,0,0,0,0,0,0,0,0,0,0.3333333333333333,3,0.6983225049986964,0.6426647510730839,0.6169023008583319,0.6123575624407274,0.6112534261100451,5.603912667031565,4.658473805862066,11.273153863272809,0.5189263342046248,194.0,hexagonal,2.0,True,14.0
mp-1178176,Hg2 Pt2 O4,-125.95426083,106.9182,596.33,100.0,2.79,1.75,2.0,4.75,7.0,15.5,0.25,1.0,0.25,0.0,1.5,14.616896551725,0.0,0.0,,,,,,,,,,,,,,,,,,,,,,,,,,,0,0,0.0,0.0,0,0,0,0.5,0,0,0.0,0.0,0.0,0.0,0,0,0,0,0.0,0.0,0.0,0.0,0.0,0.0,0.0,0.0,0.0,0.0,0.0,0.0,0.0,0,0.0,0.0,0,0,0.0,0.0,0.0,0.0,0.0,0.0,0,0,0.0,0.0,0.0,0.0,0.0,0.0,0.0,0,0,0,0.0,0.0,0,0.0,0,0,0,0,0,0,0,0,0,0,0,0,0.0,0,0.0,0.0,0.0,0,0.0,0.25,0.0,0.25,0.0,0.0,0.0,0,0,0,0,0,0,0,0,0,0,0,0,0,0,0,0,0,0,0,0,0,0,0,0,0,0,0,0,0,0,0,0,0,0,0,0.25,3,0.6123724356957945,0.538608672507971,0.5060993646249713,0.5011086692289443,0.5000975705253322,6.376756623259508,10.331594546461007,17.184360795441552,0.38192748805482335,166.0,trigonal,3.0,True,24.0
mp-1262001,Al4 Mo4 O14,-487.52770764,32.534443381818186,731.1400000000001,92.0,2.8745454545454545,1.8181818181818181,2.727272727272727,0.9090909090909091,0.0,5.454545454545454,0.18181818181818182,2.1818181818181817,0.9090909090909091,0.0,3.272727272727273,11.643181818181818,0.0,0.0,,,,,,,,,,,,,,,,,,,,,,,,,,,0,0,0.0,0.0,0,0,0,0.6363636363636364,0,0,0.0,0.0,0.18181818181818182,0.0,0,0,0,0,0.0,0.0,0.0,0.0,0.0,0.0,0.0,0.0,0.0,0.0,0.0,0.0,0.0,0,0.0,0.0,0,0,0.0,0.0,0.0,0.0,0.0,0.18181818181818182,0,0,0.0,0.0,0.0,0.0,0.0,0.0,0.0,0,0,0,0.0,0.0,0,0.0,0,0,0,0,0,0,0,0,0,0,0,0,0.0,0,0.0,0.0,0.0,0,0.0,0.0,0.0,0.0,0.0,0.0,0.0,0,0,0,0,0,0,0,0,0,0,0,0,0,0,0,0,0,0,0,0,0,0,0,0,0,0,0,0,0,0,0,0,0,0,0,0.18181818181818182,3,0.6863485850246136,0.6461085146520509,0.636847546393112,0.6363918918735771,0.6363640977380328,5.732456609238043,4.580887174532909,11.792186521750745,0.3718642117523108,1.0,triclinic,7.0,False,1.0
mp-31517,Ta4 Co2 O12,-600.29862568,57.42503944444444,964.0888888888888,95.77777777777777,2.8355555555555556,2.0,2.6666666666666665,1.4444444444444444,3.111111111111111,9.222222222222221,0.0,1.3333333333333333,1.8888888888888888,0.0,3.2222222222222223,11.235000000000001,0.0,0.17205235555555556,,,,,,,,,,,,,,,,,,,,,,,,,,,0,0,0.0,0.0,0,0,0,0.6666666666666666,0,0,0.0,0.0,0.0,0.0,0,0,0,0,0.0,0.0,0.0,0.0,0.0,0.0,0.0,0.0,0.1111111111111111,0.0,0.0,0.0,0.0,0,0.0,0.0,0,0,0.0,0.0,0.0,0.0,0.0,0.0,0,0,0.0,0.0,0.0,0.0,0.0,0.0,0.0,0,0,0,0.0,0.0,0,0.0,0,0,0,0,0,0,0,0,0,0,0,0,0.0,0,0.2222222222222222,0.0,0.0,0,0.0,0.0,0.0,0.0,0.0,0.0,0.0,0,0,0,0,0,0,0,0,0,0,0,0,0,0,0,0,0,0,0,0,0,0,0,0,0,0,0,0,0,0,0,0,0,0,0,0.3333333333333333,3,0.7114582486036499,0.6758002217303778,0.6672315521896236,0.6667105455840667,0.6666677967664446,6.183680731283896,8.399308442298178,11.35290151407763,0.40395711303363974,2.0,triclinic,7.0,True,2.0
mp-5489,Lu2 Ta2 O8,-461.77199196,69.98537999999999,907.5333333333333,103.5,2.7550000000000003,2.0,2.6666666666666665,0.6666666666666666,4.666666666666667,10.0,0.0,1.3333333333333333,2.6666666666666665,0.0,4.0,13.900833333333333,0.0,0.00037451666666666667,,,,,,,,,,,,,,,,,,,,,,,,,,,0,0,0.0,0.0,0,0,0,0.6666666666666666,0,0,0.0,0.0,0.0,0.0,0,0,0,0,0.0,0.0,0.0,0.0,0.0,0.0,0.0,0.0,0.0,0.0,0.0,0.0,0.0,0,0.0,0.0,0,0,0.0,0.0,0.0,0.0,0.0,0.0,0,0,0.0,0.0,0.0,0.0,0.0,0.0,0.0,0,0,0,0.0,0.0,0,0.0,0,0,0,0,0,0,0,0,0,0,0,0,0.16666666666666666,0,0.16666666666666666,0.0,0.0,0,0.0,0.0,0.0,0.0,0.0,0.0,0.0,0,0,0,0,0,0,0,0,0,0,0,0,0,0,0,0,0,0,0,0,0,0,0,0,0,0,0,0,0,0,0,0,0,0,0,0.16666666666666666,3,0.7071067811865476,0.6735400034370317,0.6669268801209055,0.6666782918025496,0.666666793823133,5.833975121313122,9.879084578185932,11.76359126949135,0.5502636891664516,13.0,monoclinic,6.0,True,8.0
mp-1295957,Ba4 Co4 O12,-499.86306834,48.851679000000004,586.48,107.8,2.618,2.0,2.4,1.4,0.0,5.8,0.0,1.2,0.6,0.0,1.8,20.23,0.0,0.30969424,,,,,,,,,,,,,,,,,,,,,,,,,,,0,0,0.0,0.0,0,0,0,0.6,0,0,0.0,0.0,0.0,0.0,0,0,0,0,0.0,0.0,0.0,0.0,0.0,0.0,0.0,0.0,0.2,0.0,0.0,0.0,0.0,0,0.0,0.0,0,0,0.0,0.0,0.0,0.0,0.0,0.0,0,0,0.0,0.0,0.0,0.0,0.0,0.0,0.0,0,0,0,0.0,0.2,0,0.0,0,0,0,0,0,0,0,0,0,0,0,0,0.0,0,0.0,0.0,0.0,0,0.0,0.0,0.0,0.0,0.0,0.0,0.0,0,0,0,0,0,0,0,0,0,0,0,0,0,0,0,0,0,0,0,0,0,0,0,0,0,0,0,0,0,0,0,0,0,0,0,0.2,3,0.6633249580710799,0.6144633651371695,0.6009844187491661,0.6000783545597032,0.6000020321795635,5.47143800592749,6.158290648291261,13.172506170092356,0.8297600760040287,8.0,monoclinic,6.0,False,4.0
mp-1542959,Zn6 Mo12 O24,-1003.00393308,45.899657142857144,957.6971428571428,99.14285714285714,2.8185714285714285,1.7142857142857142,2.2857142857142856,2.857142857142857,0.0,6.857142857142857,0.2857142857142857,1.1428571428571428,1.4285714285714286,0.0,2.857142857142857,11.680000000000001,0.0,0.0,,,,,,,,,,,,,,,,,,,,,,,,,,,0,0,0.0,0.0,0,0,0,0.5714285714285714,0,0,0.0,0.0,0.0,0.0,0,0,0,0,0.0,0.0,0.0,0.0,0.0,0.0,0.0,0.0,0.0,0.0,0.0,0.14285714285714285,0.0,0,0.0,0.0,0,0,0.0,0.0,0.0,0.0,0.0,0.2857142857142857,0,0,0.0,0.0,0.0,0.0,0.0,0.0,0.0,0,0,0,0.0,0.0,0,0.0,0,0,0,0,0,0,0,0,0,0,0,0,0.0,0,0.0,0.0,0.0,0,0.0,0.0,0.0,0.0,0.0,0.0,0.0,0,0,0,0,0,0,0,0,0,0,0,0,0,0,0,0,0,0,0,0,0,0,0,0,0,0,0,0,0,0,0,0,0,0,0,0.2857142857142857,3,0.6546536707079771,0.5970484566258902,0.5750650283013602,0.5720691506685885,0.5714844049399023,5.845313741527879,5.992324445351789,12.718864809853596,0.44326968644241177,160.0,trigonal,3.0,False,6.0
mp-1099259,Li1 Mg3 O4,-475.72371856,17.9817,430.23625,101.875,2.33375,1.875,2.0,0.0,0.0,3.875,0.125,1.0,0.0,0.0,1.125,15.2104166666625,0.0,0.0,,,,,,,,,,,,,,,,,,,,,,,,,,,0,0,0.125,0.0,0,0,0,0.5,0,0,0.0,0.375,0.0,0.0,0,0,0,0,0.0,0.0,0.0,0.0,0.0,0.0,0.0,0.0,0.0,0.0,0.0,0.0,0.0,0,0.0,0.0,0,0,0.0,0.0,0.0,0.0,0.0,0.0,0,0,0.0,0.0,0.0,0.0,0.0,0.0,0.0,0,0,0,0.0,0.0,0,0.0,0,0,0,0,0,0,0,0,0,0,0,0,0.0,0,0.0,0.0,0.0,0,0.0,0.0,0.0,0.0,0.0,0.0,0.0,0,0,0,0,0,0,0,0,0,0,0,0,0,0,0,0,0,0,0,0,0,0,0,0,0,0,0,0,0,0,0,0,0,0,0,0.0,3,0.6373774391990981,0.5642946794342502,0.5218357923239265,0.5090342055422441,0.5027468141173921,5.209715131898543,3.1574130062613275,9.456892499139661,0.777219711758037,221.0,cubic,1.0,True,16.0
mp-1099259,Li1 Mg3 O4,-475.72371856,17.9817,430.23625,101.875,2.33375,1.875,2.0,0.0,0.0,3.875,0.125,1.0,0.0,0.0,1.125,15.2104166666625,0.0,0.0,,,,,,,,,,,,,,,,,,,,,,,,,,,0,0,0.125,0.0,0,0,0,0.5,0,0,0.0,0.375,0.0,0.0,0,0,0,0,0.0,0.0,0.0,0.0,0.0,0.0,0.0,0.0,0.0,0.0,0.0,0.0,0.0,0,0.0,0.0,0,0,0.0,0.0,0.0,0.0,0.0,0.0,0,0,0.0,0.0,0.0,0.0,0.0,0.0,0.0,0,0,0,0.0,0.0,0,0.0,0,0,0,0,0,0,0,0,0,0,0,0,0.0,0,0.0,0.0,0.0,0,0.0,0.0,0.0,0.0,0.0,0.0,0.0,0,0,0,0,0,0,0,0,0,0,0,0,0,0,0,0,0,0,0,0,0,0,0,0,0,0,0,0,0,0,0,0,0,0,0,0.0,3,0.6373774391990981,0.5642946794342502,0.5218357923239265,0.5090342055422441,0.5027468141173921,5.209715131898543,3.1574130062613275,9.456892499139661,0.777219711758037,221.0,cubic,1.0,True,16.0
mp-504935,K8 Pb4 O12,-327.17235335,55.565799999999996,239.67833333333337,125.0,2.3816666666666664,1.6666666666666667,2.3333333333333335,1.6666666666666667,2.3333333333333335,8.0,0.3333333333333333,1.6666666666666667,0.0,0.0,2.0,33.6063888889,0.0,0.0,,,,,,,,,,,,,,,,,,,,,,,,,,,0,0,0.0,0.0,0,0,0,0.5,0,0,0.0,0.0,0.0,0.0,0,0,0,0,0.3333333333333333,0.0,0.0,0.0,0.0,0.0,0.0,0.0,0.0,0.0,0.0,0.0,0.0,0,0.0,0.0,0,0,0.0,0.0,0.0,0.0,0.0,0.0,0,0,0.0,0.0,0.0,0.0,0.0,0.0,0.0,0,0,0,0.0,0.0,0,0.0,0,0,0,0,0,0,0,0,0,0,0,0,0.0,0,0.0,0.0,0.0,0,0.0,0.0,0.0,0.0,0.0,0.16666666666666666,0.0,0,0,0,0,0,0,0,0,0,0,0,0,0,0,0,0,0,0,0,0,0,0,0,0,0,0,0,0,0,0,0,0,0,0,0,0.0,3,0.6236095644623235,0.5503212081491045,0.5128974808990104,0.5041104334909742,0.5008612172408381,4.624107928747022,5.676722741573605,16.25395249975122,1.1930209665405742,193.0,hexagonal,2.0,True,48.0
mp-19305,Ca2 V4 O10,-1432.13125626,27.744750000000003,719.375,101.5,2.6825,2.0,2.5,0.75,0.0,5.25,0.0,1.25,1.75,0.0,3.0,13.664375000000001,0.0,0.0,,,,,,,,,,,,,,,,,,,,,,,,,,,0,0,0.0,0.0,0,0,0,0.625,0,0,0.0,0.0,0.0,0.0,0,0,0,0,0.0,0.125,0.0,0.0,0.25,0.0,0.0,0.0,0.0,0.0,0.0,0.0,0.0,0,0.0,0.0,0,0,0.0,0.0,0.0,0.0,0.0,0.0,0,0,0.0,0.0,0.0,0.0,0.0,0.0,0.0,0,0,0,0.0,0.0,0,0.0,0,0,0,0,0,0,0,0,0,0,0,0,0.0,0,0.0,0.0,0.0,0,0.0,0.0,0.0,0.0,0.0,0.0,0.0,0,0,0,0,0,0,0,0,0,0,0,0,0,0,0,0,0,0,0,0,0,0,0,0,0,0,0,0,0,0,0,0,0,0,0,0.25,3,0.6846531968814576,0.639653743364006,0.6263144593884458,0.6251473243490634,0.6250065596901787,5.615211819118142,3.671959180422526,12.54677382527897,0.49380131484302237,59.0,orthorhombic,5.0,True,8.0
mp-19305,Ca2 V4 O10,-1432.13125626,27.744750000000003,719.375,101.5,2.6825,2.0,2.5,0.75,0.0,5.25,0.0,1.25,1.75,0.0,3.0,13.664375000000001,0.0,0.0,,,,,,,,,,,,,,,,,,,,,,,,,,,0,0,0.0,0.0,0,0,0,0.625,0,0,0.0,0.0,0.0,0.0,0,0,0,0,0.0,0.125,0.0,0.0,0.25,0.0,0.0,0.0,0.0,0.0,0.0,0.0,0.0,0,0.0,0.0,0,0,0.0,0.0,0.0,0.0,0.0,0.0,0,0,0.0,0.0,0.0,0.0,0.0,0.0,0.0,0,0,0,0.0,0.0,0,0.0,0,0,0,0,0,0,0,0,0,0,0,0,0.0,0,0.0,0.0,0.0,0,0.0,0.0,0.0,0.0,0.0,0.0,0.0,0,0,0,0,0,0,0,0,0,0,0,0,0,0,0,0,0,0,0,0,0,0,0,0,0,0,0,0,0,0,0,0,0,0,0,0.25,3,0.6846531968814576,0.639653743364006,0.6263144593884458,0.6251473243490634,0.6250065596901787,5.615211819118142,3.671959180422526,12.54677382527897,0.49380131484302237,59.0,orthorhombic,5.0,True,8.0
mp-555747,Lu8 W4 O24,-553.46138175,69.97444444444444,877.3111111111111,103.55555555555556,2.8377777777777777,2.0,2.6666666666666665,0.6666666666666666,4.666666666666667,10.0,0.0,1.3333333333333333,2.6666666666666665,0.0,4.0,14.267777777777777,0.0,0.0004993555555555556,,,,,,,,,,,,,,,,,,,,,,,,,,,0,0,0.0,0.0,0,0,0,0.6666666666666666,0,0,0.0,0.0,0.0,0.0,0,0,0,0,0.0,0.0,0.0,0.0,0.0,0.0,0.0,0.0,0.0,0.0,0.0,0.0,0.0,0,0.0,0.0,0,0,0.0,0.0,0.0,0.0,0.0,0.0,0,0,0.0,0.0,0.0,0.0,0.0,0.0,0.0,0,0,0,0.0,0.0,0,0.0,0,0,0,0,0,0,0,0,0,0,0,0,0.2222222222222222,0,0.0,0.1111111111111111,0.0,0,0.0,0.0,0.0,0.0,0.0,0.0,0.0,0,0,0,0,0,0,0,0,0,0,0,0,0,0,0,0,0,0,0,0,0,0,0,0,0,0,0,0,0,0,0,0,0,0,0,0.1111111111111111,3,0.7114582486036499,0.6758002217303778,0.6672315521896236,0.6667105455840667,0.6666677967664446,5.774401977557993,9.918723981468151,11.714750087289897,0.5750894419548304,13.0,monoclinic,6.0,True,8.0
mp-1285050,Cr4 Re4 O16,-744.95449165,50.36678333333333,976.3666666666667,92.33333333333333,2.8866666666666667,1.8333333333333333,2.6666666666666665,1.6666666666666667,2.3333333333333335,8.5,0.16666666666666666,1.3333333333333333,1.6666666666666667,0.0,3.1666666666666665,10.3775,0.0,0.0,,,,,,,,,,,,,,,,,,,,,,,,,,,0,0,0.0,0.0,0,0,0,0.6666666666666666,0,0,0.0,0.0,0.0,0.0,0,0,0,0,0.0,0.0,0.0,0.0,0.0,0.16666666666666666,0.0,0.0,0.0,0.0,0.0,0.0,0.0,0,0.0,0.0,0,0,0.0,0.0,0.0,0.0,0.0,0.0,0,0,0.0,0.0,0.0,0.0,0.0,0.0,0.0,0,0,0,0.0,0.0,0,0.0,0,0,0,0,0,0,0,0,0,0,0,0,0.0,0,0.0,0.0,0.16666666666666666,0,0.0,0.0,0.0,0.0,0.0,0.0,0.0,0,0,0,0,0,0,0,0,0,0,0,0,0,0,0,0,0,0,0,0,0,0,0,0,0,0,0,0,0,0,0,0,0,0,0,0.3333333333333333,3,0.7071067811865476,0.6735400034370317,0.6669268801209055,0.6666782918025496,0.666666793823133,6.032978199279678,7.773628101621637,10.758941694597093,0.3937678147243729,12.0,monoclinic,6.0,True,8.0
mp-1101043,Ti2 Al4 O10,-633.89766914,22.728384650000002,510.2425,91.5,2.745,2.0,2.75,0.25,0.0,5.0,0.0,2.5,1.0,0.0,3.5,11.896875000000001,0.0,2.8166666666625e-06,,,,,,,,,,,,,,,,,,,,,,,,,,,0,0,0.0,0.0,0,0,0,0.625,0,0,0.0,0.0,0.25,0.0,0,0,0,0,0.0,0.0,0.0,0.125,0.0,0.0,0.0,0.0,0.0,0.0,0.0,0.0,0.0,0,0.0,0.0,0,0,0.0,0.0,0.0,0.0,0.0,0.0,0,0,0.0,0.0,0.0,0.0,0.0,0.0,0.0,0,0,0,0.0,0.0,0,0.0,0,0,0,0,0,0,0,0,0,0,0,0,0.0,0,0.0,0.0,0.0,0,0.0,0.0,0.0,0.0,0.0,0.0,0.0,0,0,0,0,0,0,0,0,0,0,0,0,0,0,0,0,0,0,0,0,0,0,0,0,0,0,0,0,0,0,0,0,0,0,0,0.125,3,0.6846531968814576,0.639653743364006,0.6263144593884458,0.6251473243490634,0.6250065596901787,5.525457214736559,3.722342483850673,10.13914513468521,0.3992002660285829,63.0,orthorhombic,5.0,True,16.0
mp-7502,K6 Sn6 O9,-390.29155108,51.94497142857143,263.94571428571425,126.0,2.2685714285714287,1.7142857142857142,2.2857142857142856,2.857142857142857,0.0,6.857142857142857,0.2857142857142857,2.0,0.0,0.0,2.2857142857142856,34.29976190477143,0.0,0.0,,,,,,,,,,,,,,,,,,,,,,,,,,,0,0,0.0,0.0,0,0,0,0.42857142857142855,0,0,0.0,0.0,0.0,0.0,0,0,0,0,0.2857142857142857,0.0,0.0,0.0,0.0,0.0,0.0,0.0,0.0,0.0,0.0,0.0,0.0,0,0.0,0.0,0,0,0.0,0.0,0.0,0.0,0.0,0.0,0,0,0.0,0.0,0.0,0.0,0.0,0.2857142857142857,0.0,0,0,0,0.0,0.0,0,0.0,0,0,0,0,0,0,0,0,0,0,0,0,0.0,0,0.0,0.0,0.0,0,0.0,0.0,0.0,0.0,0.0,0.0,0.0,0,0,0,0,0,0,0,0,0,0,0,0,0,0,0,0,0,0,0,0,0,0,0,0,0,0,0,0,0,0,0,0,0,0,0,0.0,3,0.5890150893739514,0.5004854371981035,0.44908612273275067,0.4354026086224704,0.4300351434659748,4.620021433968355,4.138269849241387,20.843651485629493,0.8050338383844367,199.0,cubic,1.0,False,24.0
mp-1101623,Y12 Nb4 O28,-380.84584879,42.87452090909091,775.5090909090909,108.72727272727273,2.667272727272727,1.9090909090909092,2.5454545454545454,0.6363636363636364,0.0,5.090909090909091,0.09090909090909091,1.2727272727272727,3.0,0.0,4.363636363636363,16.273636363636363,0.0,0.0,,,,,,,,,,,,,,,,,,,,,,,,,,,0,0,0.0,0.0,0,0,0,0.6363636363636364,0,0,0.0,0.0,0.0,0.0,0,0,0,0,0.0,0.0,0.0,0.0,0.0,0.0,0.0,0.0,0.0,0.0,0.0,0.0,0.0,0,0.0,0.0,0,0,0.0,0.0,0.2727272727272727,0.0,0.09090909090909091,0.0,0,0,0.0,0.0,0.0,0.0,0.0,0.0,0.0,0,0,0,0.0,0.0,0,0.0,0,0,0,0,0,0,0,0,0,0,0,0,0.0,0,0.0,0.0,0.0,0,0.0,0.0,0.0,0.0,0.0,0.0,0.0,0,0,0,0,0,0,0,0,0,0,0,0,0,0,0,0,0,0,0,0,0,0,0,0,0,0,0,0,0,0,0,0,0,0,0,0.09090909090909091,3,0.6982859770789643,0.6532287409684719,0.6382007139823439,0.6366048902847958,0.6363769379673794,5.641168756470799,5.245980794650548,13.571307219304334,0.6188897667280306,8.0,monoclinic,6.0,False,4.0
mp-765860,Fe8 Co4 O16,-703.27816255,33.51725642857143,801.3142857142857,93.42857142857143,2.757142857142857,2.0,2.2857142857142856,2.7142857142857144,0.0,7.0,0.0,1.1428571428571428,1.5714285714285714,0.0,2.7142857142857144,9.732142857142858,0.0,0.8242566857142857,,,,,,,,,,,,,,,,,,,,,,,,,,,0,0,0.0,0.0,0,0,0,0.5714285714285714,0,0,0.0,0.0,0.0,0.0,0,0,0,0,0.0,0.0,0.0,0.0,0.0,0.0,0.0,0.2857142857142857,0.14285714285714285,0.0,0.0,0.0,0.0,0,0.0,0.0,0,0,0.0,0.0,0.0,0.0,0.0,0.0,0,0,0.0,0.0,0.0,0.0,0.0,0.0,0.0,0,0,0,0.0,0.0,0,0.0,0,0,0,0,0,0,0,0,0,0,0,0,0.0,0,0.0,0.0,0.0,0,0.0,0.0,0.0,0.0,0.0,0.0,0.0,0,0,0,0,0,0,0,0,0,0,0,0,0,0,0,0,0,0,0,0,0,0,0,0,0,0,0,0,0,0,0,0,0,0,0,0.42857142857142855,3,0.6546536707079771,0.5970484566258902,0.5750650283013602,0.5720691506685885,0.5714844049399023,5.8138063040251,5.172426786499221,10.760270967570758,0.4900724976716033,227.0,cubic,1.0,True,48.0
mp-4651,Sr4 Ti4 O12,-867.25868665,36.69704,631.08,110.6,2.5620000000000003,2.0,2.4,0.4,0.0,4.8,0.0,1.2,1.6,0.0,2.8,19.647,0.0,4.50666666666e-06,,,,,,,,,,,,,,,,,,,,,,,,,,,0,0,0.0,0.0,0,0,0,0.6,0,0,0.0,0.0,0.0,0.0,0,0,0,0,0.0,0.0,0.0,0.2,0.0,0.0,0.0,0.0,0.0,0.0,0.0,0.0,0.0,0,0.0,0.0,0,0,0.0,0.2,0.0,0.0,0.0,0.0,0,0,0.0,0.0,0.0,0.0,0.0,0.0,0.0,0,0,0,0.0,0.0,0,0.0,0,0,0,0,0,0,0,0,0,0,0,0,0.0,0,0.0,0.0,0.0,0,0.0,0.0,0.0,0.0,0.0,0.0,0.0,0,0,0,0,0,0,0,0,0,0,0,0,0,0,0,0,0,0,0,0,0,0,0,0,0,0,0,0,0,0,0,0,0,0,0,0.2,3,0.6633249580710799,0.6144633651371695,0.6009844187491661,0.6000783545597032,0.6000020321795635,5.318199230200937,5.093987788952841,11.962507795144642,0.7978042535912865,140.0,tetragonal,4.0,True,32.0
mp-862664,Rb2 Zr2 O5,-740.83021742,48.153400000000005,572.7688888888889,124.44444444444444,2.388888888888889,1.7777777777777777,2.2222222222222223,0.4444444444444444,0.0,4.444444444444445,0.2222222222222222,1.1111111111111112,1.7777777777777777,0.0,3.111111111111111,30.373333333333335,0.0,0.0,,,,,,,,,,,,,,,,,,,,,,,,,,,0,0,0.0,0.0,0,0,0,0.5555555555555556,0,0,0.0,0.0,0.0,0.0,0,0,0,0,0.0,0.0,0.0,0.0,0.0,0.0,0.0,0.0,0.0,0.0,0.0,0.0,0.0,0,0.0,0.0,0,0,0.2222222222222222,0.0,0.0,0.2222222222222222,0.0,0.0,0,0,0.0,0.0,0.0,0.0,0.0,0.0,0.0,0,0,0,0.0,0.0,0,0.0,0,0,0,0,0,0,0,0,0,0,0,0,0.0,0,0.0,0.0,0.0,0,0.0,0.0,0.0,0.0,0.0,0.0,0.0,0,0,0,0,0,0,0,0,0,0,0,0,0,0,0,0,0,0,0,0,0,0,0,0,0,0,0,0,0,0,0,0,0,0,0,0.0,3,0.6382847385042254,0.5783142070438002,0.5578126955913372,0.5558152545684256,0.5555672053006344,4.90749823685135,4.627600060254081,17.27906494947665,0.9288320702866023,123.0,tetragonal,4.0,True,32.0
mp-1016850,Ba1 Rh1 O3,-349.49276457,57.64614,680.28,111.0,2.698,1.8,2.4,1.6,0.0,5.8,0.2,1.2,0.4,0.0,1.8,20.909,0.0,0.0,,,,,,,,,,,,,,,,,,,,,,,,,,,0,0,0.0,0.0,0,0,0,0.6,0,0,0.0,0.0,0.0,0.0,0,0,0,0,0.0,0.0,0.0,0.0,0.0,0.0,0.0,0.0,0.0,0.0,0.0,0.0,0.0,0,0.0,0.0,0,0,0.0,0.0,0.0,0.0,0.0,0.0,0,0,0.2,0.0,0.0,0.0,0.0,0.0,0.0,0,0,0,0.0,0.2,0,0.0,0,0,0,0,0,0,0,0,0,0,0,0,0.0,0,0.0,0.0,0.0,0,0.0,0.0,0.0,0.0,0.0,0.0,0.0,0,0,0,0,0,0,0,0,0,0,0,0,0,0,0,0,0,0,0,0,0,0,0,0,0,0,0,0,0,0,0,0,0,0,0,0.2,3,0.6633249580710799,0.6144633651371695,0.6009844187491661,0.6000783545597032,0.6000020321795635,5.478457617370486,6.874242283265268,13.924977284472893,0.784921906698328,194.0,hexagonal,2.0,True,24.0
mp-1016850,Ba1 Rh1 O3,-349.49276457,57.64614,680.28,111.0,2.698,1.8,2.4,1.6,0.0,5.8,0.2,1.2,0.4,0.0,1.8,20.909,0.0,0.0,,,,,,,,,,,,,,,,,,,,,,,,,,,0,0,0.0,0.0,0,0,0,0.6,0,0,0.0,0.0,0.0,0.0,0,0,0,0,0.0,0.0,0.0,0.0,0.0,0.0,0.0,0.0,0.0,0.0,0.0,0.0,0.0,0,0.0,0.0,0,0,0.0,0.0,0.0,0.0,0.0,0.0,0,0,0.2,0.0,0.0,0.0,0.0,0.0,0.0,0,0,0,0.0,0.2,0,0.0,0,0,0,0,0,0,0,0,0,0,0,0,0.0,0,0.0,0.0,0.0,0,0.0,0.0,0.0,0.0,0.0,0.0,0.0,0,0,0,0,0,0,0,0,0,0,0,0,0,0,0,0,0,0,0,0,0,0,0,0,0,0,0,0,0,0,0,0,0,0,0,0.2,3,0.6633249580710799,0.6144633651371695,0.6009844187491661,0.6000783545597032,0.6000020321795635,5.478457617370486,6.874242283265268,13.924977284472893,0.784921906698328,194.0,hexagonal,2.0,True,24.0
mp-13192,In18 Re3 O36,-440.6261245,56.16356842105264,352.3736842105263,94.47368421052632,2.8347368421052628,2.0,2.8421052631578947,3.4210526315789473,0.7368421052631579,9.0,0.0,2.8421052631578947,0.2631578947368421,0.0,3.1052631578947367,14.182894736842105,0.0,0.0,,,,,,,,,,,,,,,,,,,,,,,,,,,0,0,0.0,0.0,0,0,0,0.631578947368421,0,0,0.0,0.0,0.0,0.0,0,0,0,0,0.0,0.0,0.0,0.0,0.0,0.0,0.0,0.0,0.0,0.0,0.0,0.0,0.0,0,0.0,0.0,0,0,0.0,0.0,0.0,0.0,0.0,0.0,0,0,0.0,0.0,0.0,0.0,0.3157894736842105,0.0,0.0,0,0,0,0.0,0.0,0,0.0,0,0,0,0,0,0,0,0,0,0,0,0,0.0,0,0.0,0.0,0.05263157894736842,0,0.0,0.0,0.0,0.0,0.0,0.0,0.0,0,0,0,0,0,0,0,0,0,0,0,0,0,0,0,0,0,0,0,0,0,0,0,0,0,0,0,0,0,0,0,0,0,0,0,0.05263157894736842,3,0.7080854761617742,0.656981188179355,0.6354783743696554,0.6322814883252275,0.6316405979133431,5.4766978914913285,7.251181514950441,12.861600474465135,0.4695925587579371,148.0,trigonal,3.0,True,2.0
SnSbO4-rutile,Sn1 Sb1 O4,-405.22052355,50.7446,271.3433333333333,90.33333333333333,2.9616666666666664,2.0,3.5,3.3333333333333335,0.0,8.833333333333334,0.0,2.5,0.0,0.0,2.5,16.8775,0.0,0.0,,,,,,,,,,,,,,,,,,,,,,,,,,,0,0,0.0,0.0,0,0,0,0.6666666666666666,0,0,0.0,0.0,0.0,0.0,0,0,0,0,0.0,0.0,0.0,0.0,0.0,0.0,0.0,0.0,0.0,0.0,0.0,0.0,0.0,0,0.0,0.0,0,0,0.0,0.0,0.0,0.0,0.0,0.0,0,0,0.0,0.0,0.0,0.0,0.0,0.16666666666666666,0.16666666666666666,0,0,0,0.0,0.0,0,0.0,0,0,0,0,0,0,0,0,0,0,0,0,0.0,0,0.0,0.0,0.0,0,0.0,0.0,0.0,0.0,0.0,0.0,0.0,0,0,0,0,0,0,0,0,0,0,0,0,0,0,0,0,0,0,0,0,0,0,0,0,0,0,0,0,0,0,0,0,0,0,0,0.0,3,0.7071067811865476,0.6735400034370317,0.6669268801209055,0.6666782918025496,0.666666793823133,6.363064726055739,6.33547994616043,13.300237953998261,0.36539716950832885,65.0,orthorhombic,5.0,True,16.0
mp-766034,Sr10 Ir12 O36,-729.6076565,64.80659310344828,781.7379310344828,103.75862068965517,2.754137931034483,2.0,2.4827586206896552,1.4482758620689655,2.896551724137931,8.827586206896552,0.0,1.2413793103448276,0.6206896551724138,0.0,1.8620689655172413,17.941379310344825,0.0,0.0,,,,,,,,,,,,,,,,,,,,,,,,,,,0,0,0.0,0.0,0,0,0,0.6206896551724138,0,0,0.0,0.0,0.0,0.0,0,0,0,0,0.0,0.0,0.0,0.0,0.0,0.0,0.0,0.0,0.0,0.0,0.0,0.0,0.0,0,0.0,0.0,0,0,0.0,0.1724137931034483,0.0,0.0,0.0,0.0,0,0,0.0,0.0,0.0,0.0,0.0,0.0,0.0,0,0,0,0.0,0.0,0,0.0,0,0,0,0,0,0,0,0,0,0,0,0,0.0,0,0.0,0.0,0.0,0,0.20689655172413793,0.0,0.0,0.0,0.0,0.0,0.0,0,0,0,0,0,0,0,0,0,0,0,0,0,0,0,0,0,0,0,0,0,0,0,0,0,0,0,0,0,0,0,0,0,0,0,0.20689655172413793,3,0.676600581736158,0.6325585948945293,0.6214041653780924,0.6207415013950319,0.6206908760705127,5.945575187084278,7.4983523138184305,14.351670242749158,0.5902799502460021,204.0,cubic,1.0,True,48.0
mp-1183133,Al1 Ir1 O3,-975.19600157,53.43934772,767.374,92.0,2.826,2.0,2.6,1.4,2.8,8.8,0.0,2.2,0.6,0.0,2.8,11.601,0.0,0.0,,,,,,,,,,,,,,,,,,,,,,,,,,,0,0,0.0,0.0,0,0,0,0.6,0,0,0.0,0.0,0.2,0.0,0,0,0,0,0.0,0.0,0.0,0.0,0.0,0.0,0.0,0.0,0.0,0.0,0.0,0.0,0.0,0,0.0,0.0,0,0,0.0,0.0,0.0,0.0,0.0,0.0,0,0,0.0,0.0,0.0,0.0,0.0,0.0,0.0,0,0,0,0.0,0.0,0,0.0,0,0,0,0,0,0,0,0,0,0,0,0,0.0,0,0.0,0.0,0.0,0,0.2,0.0,0.0,0.0,0.0,0.0,0.0,0,0,0,0,0,0,0,0,0,0,0,0,0,0,0,0,0,0,0,0,0,0,0,0,0,0,0,0,0,0,0,0,0,0,0,0.2,3,0.6633249580710799,0.6144633651371695,0.6009844187491661,0.6000783545597032,0.6000020321795635,5.93420666248645,9.019509491537342,9.838464585011021,0.43099330059747476,221.0,cubic,1.0,True,48.0
mp-558610,Sc2 Re4 O12,-937.75607858,57.04070133333333,1006.7555555555555,96.44444444444444,2.8666666666666667,2.0,2.6666666666666665,1.2222222222222223,3.111111111111111,9.0,0.0,1.3333333333333333,2.111111111111111,0.0,3.4444444444444446,11.797222222222224,0.0,7.055555555555556e-07,,,,,,,,,,,,,,,,,,,,,,,,,,,0,0,0.0,0.0,0,0,0,0.6666666666666666,0,0,0.0,0.0,0.0,0.0,0,0,0,0,0.0,0.0,0.1111111111111111,0.0,0.0,0.0,0.0,0.0,0.0,0.0,0.0,0.0,0.0,0,0.0,0.0,0,0,0.0,0.0,0.0,0.0,0.0,0.0,0,0,0.0,0.0,0.0,0.0,0.0,0.0,0.0,0,0,0,0.0,0.0,0,0.0,0,0,0,0,0,0,0,0,0,0,0,0,0.0,0,0.0,0.0,0.2222222222222222,0,0.0,0.0,0.0,0.0,0.0,0.0,0.0,0,0,0,0,0,0,0,0,0,0,0,0,0,0,0,0,0,0,0,0,0,0,0,0,0,0,0,0,0,0,0,0,0,0,0,0.2222222222222222,3,0.7114582486036499,0.6758002217303778,0.6672315521896236,0.6667105455840667,0.6666677967664446,5.994153105252541,8.405268921385252,11.268921193182575,0.4259300172559218,14.0,monoclinic,6.0,True,8.0
mp-707135,Al2 Si4 O11,-617.08248115,20.13520454117647,542.22,83.05882352941177,2.8623529411764705,2.0,3.176470588235294,0.0,0.0,5.176470588235294,0.0,2.823529411764706,0.0,0.0,2.823529411764706,12.639705882352942,0.18188235294117647,0.0,,,,,,,,,,,,,,,,,,,,,,,,,,,0,0,0.0,0.0,0,0,0,0.6470588235294118,0,0,0.0,0.0,0.11764705882352941,0.23529411764705882,0,0,0,0,0.0,0.0,0.0,0.0,0.0,0.0,0.0,0.0,0.0,0.0,0.0,0.0,0.0,0,0.0,0.0,0,0,0.0,0.0,0.0,0.0,0.0,0.0,0,0,0.0,0.0,0.0,0.0,0.0,0.0,0.0,0,0,0,0.0,0.0,0,0.0,0,0,0,0,0,0,0,0,0,0,0,0,0.0,0,0.0,0.0,0.0,0,0.0,0.0,0.0,0.0,0.0,0.0,0.0,0,0,0,0,0,0,0,0,0,0,0,0,0,0,0,0,0,0,0,0,0,0,0,0,0,0,0,0,0,0,0,0,0,0,0,0.0,3,0.6984907110022305,0.6585220209001749,0.6479051504835983,0.6471371194170332,0.6470614419103211,6.122959973207289,2.468967167008239,13.542218887355235,0.21117464843787564,2.0,triclinic,7.0,True,4.0
mp-505212,Cs6 Au2 O2,-161.13447225,122.33646494000001,459.38,186.8,1.67,1.2,0.8,2.0,2.8,6.8,0.8,0.4,0.0,0.0,1.2,74.62,0.0,0.0,,,,,,,,,,,,,,,,,,,,,,,,,,,0,0,0.0,0.0,0,0,0,0.2,0,0,0.0,0.0,0.0,0.0,0,0,0,0,0.0,0.0,0.0,0.0,0.0,0.0,0.0,0.0,0.0,0.0,0.0,0.0,0.0,0,0.0,0.0,0,0,0.0,0.0,0.0,0.0,0.0,0.0,0,0,0.0,0.0,0.0,0.0,0.0,0.0,0.0,0,0,0,0.6,0.0,0,0.0,0,0,0,0,0,0,0,0,0,0,0,0,0.0,0,0.0,0.0,0.0,0,0.0,0.0,0.2,0.0,0.0,0.0,0.0,0,0,0,0,0,0,0,0,0,0,0,0,0,0,0,0,0,0,0,0,0,0,0,0,0,0,0,0,0,0,0,0,0,0,0,0.0,3,0.66332495807108,0.6144633651371695,0.6009844187491661,0.6000783545597032,0.6000020321795635,3.3969064315309487,5.366422171748746,37.854733206767726,1.2261468178083517,194.0,hexagonal,2.0,True,48.0
mp-715550,Mo4 O8,-464.40431617,42.65293333333333,1001.8666666666667,95.33333333333333,3.013333333333333,1.6666666666666667,2.6666666666666665,1.6666666666666667,0.0,6.0,0.3333333333333333,1.3333333333333333,1.6666666666666667,0.0,3.3333333333333335,11.299999999999999,0.0,0.0,,,,,,,,,,,,,,,,,,,,,,,,,,,0,0,0.0,0.0,0,0,0,0.6666666666666666,0,0,0.0,0.0,0.0,0.0,0,0,0,0,0.0,0.0,0.0,0.0,0.0,0.0,0.0,0.0,0.0,0.0,0.0,0.0,0.0,0,0.0,0.0,0,0,0.0,0.0,0.0,0.0,0.0,0.3333333333333333,0,0,0.0,0.0,0.0,0.0,0.0,0.0,0.0,0,0,0,0.0,0.0,0,0.0,0,0,0,0,0,0,0,0,0,0,0,0,0.0,0,0.0,0.0,0.0,0,0.0,0.0,0.0,0.0,0.0,0.0,0.0,0,0,0,0,0,0,0,0,0,0,0,0,0,0,0,0,0,0,0,0,0,0,0,0,0,0,0,0,0,0,0,0,0,0,0,0.3333333333333333,2,0.7453559924999299,0.6933612743506347,0.6707822056951861,0.667408235036379,0.6667317422407864,6.062247965879599,6.198718435217547,11.42426336728672,0.4253989203447815,136.0,tetragonal,4.0,True,16.0
BiRhO4-rutile,Bi1 Rh1 O4,-331.47756757,62.64724999999999,500.09999999999997,92.33333333333333,3.01,1.8333333333333333,3.1666666666666665,3.0,2.3333333333333335,10.333333333333334,0.16666666666666666,1.8333333333333333,0.3333333333333333,0.0,2.3333333333333335,13.835,0.0,0.0,,,,,,,,,,,,,,,,,,,,,,,,,,,0,0,0.0,0.0,0,0,0,0.6666666666666666,0,0,0.0,0.0,0.0,0.0,0,0,0,0,0.0,0.0,0.0,0.0,0.0,0.0,0.0,0.0,0.0,0.0,0.0,0.0,0.0,0,0.0,0.0,0,0,0.0,0.0,0.0,0.0,0.0,0.0,0,0,0.16666666666666666,0.0,0.0,0.0,0.0,0.0,0.0,0,0,0,0.0,0.0,0,0.0,0,0,0,0,0,0,0,0,0,0,0,0,0.0,0,0.0,0.0,0.0,0,0.0,0.0,0.0,0.0,0.0,0.0,0.16666666666666666,0,0,0,0,0,0,0,0,0,0,0,0,0,0,0,0,0,0,0,0,0,0,0,0,0,0,0,0,0,0,0,0,0,0,0,0.16666666666666666,3,0.7071067811865476,0.6735400034370317,0.6669268801209055,0.6666782918025496,0.666666793823133,6.206838677586501,,,,,,,,
mp-1099259,Li1 Mg3 O4,-470.35932027,17.9817,430.23625,101.875,2.33375,1.875,2.0,0.0,0.0,3.875,0.125,1.0,0.0,0.0,1.125,15.2104166666625,0.0,0.0,,,,,,,,,,,,,,,,,,,,,,,,,,,0,0,0.125,0.0,0,0,0,0.5,0,0,0.0,0.375,0.0,0.0,0,0,0,0,0.0,0.0,0.0,0.0,0.0,0.0,0.0,0.0,0.0,0.0,0.0,0.0,0.0,0,0.0,0.0,0,0,0.0,0.0,0.0,0.0,0.0,0.0,0,0,0.0,0.0,0.0,0.0,0.0,0.0,0.0,0,0,0,0.0,0.0,0,0.0,0,0,0,0,0,0,0,0,0,0,0,0,0.0,0,0.0,0.0,0.0,0,0.0,0.0,0.0,0.0,0.0,0.0,0.0,0,0,0,0,0,0,0,0,0,0,0,0,0,0,0,0,0,0,0,0,0,0,0,0,0,0,0,0,0,0,0,0,0,0,0,0.0,3,0.6373774391990981,0.5642946794342502,0.5218357923239265,0.5090342055422441,0.5027468141173921,5.209715131898543,3.1574130062613275,9.456892499139661,0.777219711758037,221.0,cubic,1.0,True,16.0
mp-1099259,Li1 Mg3 O4,-470.35932027,17.9817,430.23625,101.875,2.33375,1.875,2.0,0.0,0.0,3.875,0.125,1.0,0.0,0.0,1.125,15.2104166666625,0.0,0.0,,,,,,,,,,,,,,,,,,,,,,,,,,,0,0,0.125,0.0,0,0,0,0.5,0,0,0.0,0.375,0.0,0.0,0,0,0,0,0.0,0.0,0.0,0.0,0.0,0.0,0.0,0.0,0.0,0.0,0.0,0.0,0.0,0,0.0,0.0,0,0,0.0,0.0,0.0,0.0,0.0,0.0,0,0,0.0,0.0,0.0,0.0,0.0,0.0,0.0,0,0,0,0.0,0.0,0,0.0,0,0,0,0,0,0,0,0,0,0,0,0,0.0,0,0.0,0.0,0.0,0,0.0,0.0,0.0,0.0,0.0,0.0,0.0,0,0,0,0,0,0,0,0,0,0,0,0,0,0,0,0,0,0,0,0,0,0,0,0,0,0,0,0,0,0,0,0,0,0,0,0.0,3,0.6373774391990981,0.5642946794342502,0.5218357923239265,0.5090342055422441,0.5027468141173921,5.209715131898543,3.1574130062613275,9.456892499139661,0.777219711758037,221.0,cubic,1.0,True,16.0
mp-3614,K1 Ta1 O3,-583.4652734,53.608875999999995,758.1859999999999,114.2,2.528,1.8,2.4,0.6,2.8,7.6,0.2,1.2,1.4,0.0,2.8,23.70833333334,0.0,0.0,,,,,,,,,,,,,,,,,,,,,,,,,,,0,0,0.0,0.0,0,0,0,0.6,0,0,0.0,0.0,0.0,0.0,0,0,0,0,0.2,0.0,0.0,0.0,0.0,0.0,0.0,0.0,0.0,0.0,0.0,0.0,0.0,0,0.0,0.0,0,0,0.0,0.0,0.0,0.0,0.0,0.0,0,0,0.0,0.0,0.0,0.0,0.0,0.0,0.0,0,0,0,0.0,0.0,0,0.0,0,0,0,0,0,0,0,0,0,0,0,0,0.0,0,0.2,0.0,0.0,0,0.0,0.0,0.0,0.0,0.0,0.0,0.0,0,0,0,0,0,0,0,0,0,0,0,0,0,0,0,0,0,0,0,0,0,0,0,0,0,0,0,0,0,0,0,0,0,0,0,0.2,3,0.6633249580710799,0.6144633651371695,0.6009844187491661,0.6000783545597032,0.6000020321795635,5.319590466236333,6.981426051671773,12.75092400607338,0.9424669876898989,221.0,cubic,1.0,True,96.0
